tarikh,nama_kluster,kategori_kluster,negeri
2021-05-08,Kampung Kebun Sayur,Tempat Kerja,Johor
2021-05-08,Jalan Batu Maung,Pendidikan,Pulau Pinang
2021-05-08,Jalan Mawar 20,Keagamaan,Johor
2021-05-08,Keramat,Komuniti,Sabah
2021-05-08,Rantau Siantan,Komuniti,Pahang
2021-05-08,Dah Putih,Komuniti,Kedah
2021-05-08,Lorong Kubor,Komuniti,Kelantan
2021-05-08,Bechah Palas,Komuniti,Kelantan
2021-05-08,Jelalong,Komuniti,Sarawak
2021-05-08,Jalan Era,Tempat Kerja,Negeri Sembilan
2021-05-08,Pasar Borong KL 3,Tempat Kerja,WP Kuala Lumpur
2021-05-08,Jalan Stadium 2,Tempat Kerja,WP Kuala Lumpur
2021-05-08,Jalan Stadium 2,Tempat Kerja,Selangor
2021-05-08,Jalan Padang Golf,Tempat Kerja,Selangor
2021-05-08,Jalan Lima Puluh Satu,Tempat Kerja,Selangor
2021-05-08,Jalan Desaru,Tempat Kerja,Johor
2021-05-08,Jalan Limbungan Jaya,Tempat Kerja,Melaka
2021-05-09,Sri Tualang,Komuniti,Kelantan
2021-05-09,Desa Murni,Pendidikan,Pulau Pinang
2021-05-09,Tanah Merah,Keagamaan,Negeri Sembilan
2021-05-09,Lak Lok,Komuniti,Terengganu
2021-05-09,Lak Lok,Komuniti,Kelantan
2021-05-09,Jalan L Sungai Behrang,Komuniti,Perak
2021-05-09,Tebedu Mawang,Komuniti,Sarawak
2021-05-09,Jalan Haji Mahmud,Keagamaan,Johor
2021-05-09,Kopitiam Kampung Selamat,Tempat Kerja,Pulau Pinang
2021-05-09,Tapak Bina Jalan Tun Hussein Onn,Tempat Kerja,Pulau Pinang
2021-05-09,Kawasan Industri Dua,Tempat Kerja,Johor
2021-05-09,Lorong Tiung,Tempat Kerja,Selangor
2021-05-09,Jalan Satu,Tempat Kerja,Selangor
2021-05-09,Jalan Stadium Negeri,Komuniti,Sarawak
2021-05-10,Jalan Baling,Pendidikan,Perak
2021-05-10,Jalan Jurutera,Pendidikan,Selangor
2021-05-10,Parit Lima,Komuniti,Perak
2021-05-10,Pelagat Tiga,Komuniti,Terengganu
2021-05-10,Kampung Sawah,Komuniti,Johor
2021-05-10,Emperan,Komuniti,Sarawak
2021-05-10,Ulu Anap,Komuniti,Sarawak
2021-05-10,Dah Lalang,Keagamaan,Kedah
2021-05-10,Jalan Kesyukuran,Keagamaan,Johor
2021-05-10,Pekan Pasir Mas,Keagamaan,Kelantan
2021-05-10,Desa Kemuning,Keagamaan,Selangor
2021-05-10,Gudang Genting,Tempat Kerja,Pahang
2021-05-10,Kompleks Empat,Tempat Kerja,Sabah
2021-05-10,Dah Empat Kota,Tempat Kerja,Kedah
2021-05-10,Bukit Minyak Lapan,Tempat Kerja,Pulau Pinang
2021-05-10,Jalan Maharani,Tempat Kerja,Johor
2021-05-10,Jalan Raja Musa,Tempat Kerja,Selangor
2021-05-10,Balakong Jaya Tiga,Tempat Kerja,Selangor
2021-05-10,Jalan Haji Alias,Keagamaan,Selangor
2021-05-11,Jalan Lingkaran Ilmu,Pendidikan,Johor
2021-05-11,Dah Amanjaya 2,Kumpulan Berisiko Tinggi,Kedah
2021-05-11,Banggol Gajah Mati,Komuniti,Kelantan
2021-05-11,Bako Hilir,Komuniti,Sarawak
2021-05-11,Jalan Mempelam,Pendidikan,Selangor
2021-05-11,Kota Warisan,Pendidikan,Selangor
2021-05-11,Jalan Serkam,Tempat Kerja,Melaka
2021-05-11,Jalan Serkam,Tempat Kerja,Johor
2021-05-11,Jalan Sepuluh Industri Miel,Tempat Kerja,Selangor
2021-05-11,Jalan Utarid Lima,Tempat Kerja,Selangor
2021-05-11,Dah Penghulu,Keagamaan,Kedah
2021-05-11,Jalan Dato Setia,Keagamaan,Johor
2021-05-11,Pauh Lima,Keagamaan,Kelantan
2021-05-11,Jalan Haji Abdul Aziz,Keagamaan,Selangor
2021-05-12,Kebagu,Pendidikan,Sabah
2021-05-12,Jalan Muafakat,Keagamaan,Johor
2021-05-12,Lorong Taman Ipoh Dua,Kumpulan Berisiko Tinggi,Perak
2021-05-12,Tanjung Kapor,Komuniti,Sabah
2021-05-12,Kahang Timur,Komuniti,Johor
2021-05-12,Kampung Tok Sangkut,Komuniti,Kelantan
2021-05-12,Skim Penempatan Stapok,Komuniti,Sarawak
2021-05-12,Nanga Skrang,Komuniti,Sarawak
2021-05-12,Telipot,Tempat Kerja,Kelantan
2021-05-12,Jalan Terbilang,Tempat Kerja,Pulau Pinang
2021-05-12,Jalan Tembaga Industri,Tempat Kerja,Johor
2021-05-12,Jalan Segambut Pusat,Tempat Kerja,WP Kuala Lumpur
2021-05-12,Jalan Segambut Pusat,Tempat Kerja,Selangor
2021-05-12,Tapak Bina Batu Lima,Tempat Kerja,WP Kuala Lumpur
2021-05-12,Persiaran Satu,Tempat Kerja,WP Kuala Lumpur
2021-05-12,Persiaran Masjid Lima,Tempat Kerja,Selangor
2021-05-12,Industri Jalan Emas,Tempat Kerja,Selangor
2021-05-12,Tapak Bina Bukit Semenyih 2,Tempat Kerja,Selangor
2021-05-12,Persimpangan Batu Arang,Tempat Kerja,Selangor
2021-05-12,Tapak Bina Persiaran Tanjung,Tempat Kerja,Selangor
2021-05-12,Jalan Gangsa Industri,Tempat Kerja,Johor
2021-05-13,Jalan Lilin,Komuniti,Sarawak
2021-05-13,Tanjung Rimau,Keagamaan,Melaka
2021-05-13,Kongsi Lapan,Komuniti,Sabah
2021-05-13,Jalan Chain Ferry,Tempat Kerja,Pulau Pinang
2021-05-13,Jalan Keretapi Lama,Tempat Kerja,Selangor
2021-05-13,Jalan Tropika Industri,Tempat Kerja,Johor
2021-05-13,Lima Jalan Kebun,Tempat Kerja,Selangor
2021-05-13,Jalan Suasa Industri,Tempat Kerja,Johor
2021-05-14,Lebuh Katz,Kumpulan Berisiko Tinggi,Pulau Pinang
2021-05-14,Lebuh Lembah Permai,Pendidikan,Pulau Pinang
2021-05-14,Jalan Tegas,Pendidikan,Selangor
2021-05-14,Kampung Batu Muda,Keagamaan,WP Kuala Lumpur
2021-05-14,Jalan Mawar Pasak,Komuniti,Johor
2021-05-14,Sungai Rayah,Komuniti,Sarawak
2021-05-14,Dah Mahsuri,Keagamaan,Kedah
2021-05-14,Bukit Pauh,Komuniti,Terengganu
2021-05-14,Bukit Pauh,Komuniti,Pahang
2021-05-14,Bukit Pauh,Komuniti,Selangor
2021-05-14,Persiaran Utara,Tempat Kerja,Johor
2021-05-14,Menara Jalan Putra,Tempat Kerja,Pahang
2021-05-14,Tanjung Dungun,Tempat Kerja,Terengganu
2021-05-14,Jalan Perindustrian Balakong,Tempat Kerja,Selangor
2021-05-14,Sungai Lebai,Komuniti,Pahang
2021-05-15,Persiaran Lavender,Keagamaan,Negeri Sembilan
2021-05-15,Jalan Sultan Azlan Shah,Kumpulan Berisiko Tinggi,Pulau Pinang
2021-05-15,Impian Indah,Pendidikan,Selangor
2021-05-15,Jalan Alsagoff,Pendidikan,Johor
2021-05-15,Jalan Keramat Wangsa,Keagamaan,WP Kuala Lumpur
2021-05-15,Jalan Telipot,Keagamaan,Kelantan
2021-05-15,Kemunting,Keagamaan,Pahang
2021-05-15,Jalan Tey Mia Jen,Tempat Kerja,Johor
2021-05-15,Jalan Perindustrian Tiga,Tempat Kerja,Johor
2021-05-15,Jalan Bertingkat Skudai,Tempat Kerja,Johor
2021-05-15,Perusahaan Maju Lapan,Tempat Kerja,Pulau Pinang
2021-05-15,Tapak Bina Persiaran Stonor,Tempat Kerja,WP Kuala Lumpur
2021-05-15,Jalan Kilang Midah,Tempat Kerja,WP Kuala Lumpur
2021-05-15,Jalan Kilang Midah,Tempat Kerja,Selangor
2021-05-15,Sungai Pinang Tujuh,Tempat Kerja,Selangor
2021-05-15,Lebuh Sultan,Tempat Kerja,Selangor
2021-05-16,Jalan Menteri,Keagamaan,Sabah
2021-05-16,Parit Lintang,Keagamaan,Johor
2021-05-16,Jalan Semabok,Tempat Kerja,Melaka
2021-05-16,Jalan Kelab Golf Tiga Belas,Tempat Kerja,Selangor
2021-05-16,Jalan Abdul Hamid,Komuniti,Perak
2021-05-16,Kampung Terusan,Komuniti,Kelantan
2021-05-16,Gugusan Alam,Pendidikan,Selangor
2021-05-16,Tanah Lesen,Pendidikan,Selangor
2021-05-16,Jalan Benut Kluang,Pendidikan,Johor
2021-05-16,Jalan Sungai Panjang,Pendidikan,Selangor
2021-05-16,Kampung Boyan,Komuniti,Sarawak
2021-05-17,Parit Kassan Jegol,Keagamaan,Johor
2021-05-17,Dah Serdang,Tempat Kerja,Kedah
2021-05-17,Jalan Jambu Bol,Tempat Kerja,Selangor
2021-05-17,Jalan Kuak Luar,Keagamaan,Perak
2021-05-17,Jalan Kuak Luar,Keagamaan,WP Kuala Lumpur
2021-05-17,Sungai Langgas,Keagamaan,Sabah
2021-05-17,Kundang Jaya,Keagamaan,Selangor
2021-05-17,Jalan Kusta,Tempat Kerja,Selangor
2021-05-17,Jalan Jambusan,Komuniti,Sarawak
2021-05-17,Taman Jati,Komuniti,Pahang
2021-05-17,Kampung Paya Teh,Komuniti,Pahang
2021-05-17,Kampung Perah,Komuniti,Kelantan
2021-05-17,Kampung Kual,Komuniti,Kelantan
2021-05-17,Taman Repek,Komuniti,Kelantan
2021-05-17,Jalan Imam Jalilul,Komuniti,Sabah
2021-05-18,Jambu Bongkok,Komuniti,Terengganu
2021-05-18,Seri Sutra,Komuniti,Perak
2021-05-18,Jelang,Komuniti,Sarawak
2021-05-18,Hulu Spaoh,Komuniti,Sarawak
2021-05-18,Gong Badak,Pendidikan,Terengganu
2021-05-18,Jalan Lima Belas,Pendidikan,WP Kuala Lumpur
2021-05-18,Jalan Lima Belas,Pendidikan,Selangor
2021-05-18,Jalan Sri Putri Empat,Pendidikan,Johor
2021-05-18,Jalan Batu Dua,Keagamaan,Negeri Sembilan
2021-05-18,Kampung Kemuning,Keagamaan,Melaka
2021-05-18,Banggol,Keagamaan,Terengganu
2021-05-18,Jalan Bukit Mutiara,Keagamaan,Johor
2021-05-18,Dah Arked,Tempat Kerja,Kedah
2021-05-18,Dah Helang,Tempat Kerja,Kedah
2021-05-18,Bayan Lepas Innoplex,Tempat Kerja,Pulau Pinang
2021-05-18,Jalan Kampung Taib,Tempat Kerja,Selangor
2021-05-18,Utarid Sembilan Belas,Tempat Kerja,Selangor
2021-05-18,Jalan Besi Satu,Tempat Kerja,Johor
2021-05-18,Jalan Petaling Industri,Tempat Kerja,Johor
2021-05-18,Jalan Helang Siput,Keagamaan,WP Kuala Lumpur
2021-05-19,Kolopis,Komuniti,Sabah
2021-05-19,Jalan Inang,Komuniti,Melaka
2021-05-19,Jalan Kenanga Pertama,Keagamaan,Selangor
2021-05-19,Jalan Pusara,Keagamaan,Selangor
2021-05-19,Kampung Batu Tiga,Keagamaan,Perak
2021-05-19,Taman Sri Rampai,Keagamaan,WP Kuala Lumpur
2021-05-19,Kampung Keranji,Keagamaan,Kelantan
2021-05-19,Jalan Senduduk Satu,Pendidikan,Johor
2021-05-19,Muhibbah Dua,Komuniti,Sabah
2021-05-19,Jalan Timah Empat,Keagamaan,Johor
2021-05-19,Pagar Sungai Imam,Komuniti,Sabah
2021-05-19,Jalan 223 PJ,Tempat Kerja,Selangor
2021-05-19,Kampung Tanjong Jejulok,Komuniti,Kelantan
2021-05-19,Industri Bukit Raja,Tempat Kerja,Selangor
2021-05-19,Jalan Endap Sawit,Tempat Kerja,Sarawak
2021-05-19,Jalan Tanjung Kupang,Tempat Kerja,Johor
2021-05-19,Jalan Tuan Hitam,Tempat Kerja,Terengganu
2021-05-19,Kampung Limau,Komuniti,WP Kuala Lumpur
2021-05-19,Victoria Merdeka,Tempat Kerja,WP Labuan
2021-05-19,Jalan Kampung Bakau,Tempat Kerja,Perlis
2021-05-19,Stunggang,Komuniti,Sarawak
2021-05-19,Paya Rumput Utama,Tempat Kerja,Melaka
2021-05-20,Kandis,Pendidikan,Kelantan
2021-05-20,Taman Maju Jaya,Keagamaan,Johor
2021-05-20,Sri Tanjung,Komuniti,Pahang
2021-05-20,Jalan Dara,Komuniti,Pahang
2021-05-20,Batu Lapan Bukit Rambai,Komuniti,Melaka
2021-05-20,Padang Lalang Dua,Komuniti,Pulau Pinang
2021-05-20,Dah Insun,Komuniti,Kedah
2021-05-20,Kampung Tebakang,Komuniti,Sarawak
2021-05-20,Kenyalang Park,Komuniti,Sarawak
2021-05-20,Jalan Kretam Silimpopom,Keagamaan,Sabah
2021-05-20,Dah Berapit,Keagamaan,Kedah
2021-05-20,Tok Dor,Kumpulan Berisiko Tinggi,Terengganu
2021-05-20,Jalan Perwira Lapan,Keagamaan,Johor
2021-05-20,Jalan Iskandar,Keagamaan,Selangor
2021-05-20,Taman Sri Muda,Keagamaan,Selangor
2021-05-20,Jalan Makasar,Tempat Kerja,Johor
2021-05-20,Teknologi Juru,Tempat Kerja,Pulau Pinang
2021-05-20,Jalan Kampung Juru,Tempat Kerja,Pulau Pinang
2021-05-20,Jalan Bunga Azalea,Tempat Kerja,Selangor
2021-05-20,Jalan Tun Fuad,Tempat Kerja,Sabah
2021-05-20,Jalan Pengalat Lok Kawi,Tempat Kerja,Sabah
2021-05-20,Jalan Dato Dol Said,Tempat Kerja,Melaka
2021-05-20,Bukit Tempayan,Tempat Kerja,Melaka
2021-05-20,Lorong Karamunsing,Tempat Kerja,Sabah
2021-05-21,Jalan Kota Raja,Keagamaan,Selangor
2021-05-21,Simpang Sahari,Komuniti,WP Labuan
2021-05-21,Jalan Tanjung Minyak,Komuniti,Melaka
2021-05-21,Susur Larut,Komuniti,Perak
2021-05-21,Jalan Surau Stulang,Keagamaan,Johor
2021-05-21,Taman Setiawangsa,Keagamaan,WP Kuala Lumpur
2021-05-21,Sri Penara,Keagamaan,WP Kuala Lumpur
2021-05-21,Kampung Mujahidin,Keagamaan,Selangor
2021-05-21,Industri Kelemak,Tempat Kerja,Melaka
2021-05-21,Jalan Selat,Tempat Kerja,Perak
2021-05-21,Industri Senawang,Tempat Kerja,Negeri Sembilan
2021-05-21,Sungai Keluang 2,Tempat Kerja,Pulau Pinang
2021-05-21,Jalan Mengkibol,Tempat Kerja,Johor
2021-05-21,Jalan Datin Halimah,Tempat Kerja,Johor
2021-05-21,Jalan Simpang Tiga,Tempat Kerja,Sarawak
2021-05-21,Jalan Wan Kadir,Tempat Kerja,WP Kuala Lumpur
2021-05-21,Jalan Wan Kadir,Tempat Kerja,Selangor
2021-05-21,Industri Balakong Tiga,Tempat Kerja,Selangor
2021-05-21,Persiaran Perbandaran,Tempat Kerja,Selangor
2021-05-22,Taman Sungai Jelok,Kumpulan Berisiko Tinggi,Selangor
2021-05-22,Kampung Gau,Keagamaan,Pahang
2021-05-22,Lembah Keramat,Keagamaan,WP Kuala Lumpur
2021-05-22,Melikai,Komuniti,Sabah
2021-05-22,Melikai,Komuniti,WP Labuan
2021-05-22,Indani,Komuniti,Sabah
2021-05-22,Abaka,Komuniti,Sabah
2021-05-22,Redong Satu,Komuniti,Johor
2021-05-22,Kepulauan Tumpat,Komuniti,Kelantan
2021-05-22,Kampung Bakong Kecil,Komuniti,Kelantan
2021-05-22,Industri Batu Berendam,Tempat Kerja,Melaka
2021-05-22,Jalan Bypass Kuantan,Tempat Kerja,Pahang
2021-05-22,Sungai Batu,Tempat Kerja,Pahang
2021-05-22,Industri Nibong Tebal,Tempat Kerja,Pulau Pinang
2021-05-22,Jalan Pantai Port Dickson,Tempat Kerja,Negeri Sembilan
2021-05-22,Jalan Laman Setia Tujuh,Tempat Kerja,Johor
2021-05-22,Jalan Cemerlang Empat,Tempat Kerja,Selangor
2021-05-22,Taman Kesang Indah,Komuniti,Melaka
2021-05-22,Taman Kesang Indah,Komuniti,Johor
2021-05-23,Jalan Mangga,Komuniti,Sabah
2021-05-23,Kampung Jakar,Komuniti,Kelantan
2021-05-23,Taman Sourabaya Indah,Komuniti,Sarawak
2021-05-23,Kampung Panggong,Komuniti,Kelantan
2021-05-23,Permai Sejahtera,Keagamaan,Pahang
2021-05-23,Parit Dato Onn,Keagamaan,Johor
2021-05-23,Dah Seri Perigi,Keagamaan,Kedah
2021-05-23,Taman Majupadu,Keagamaan,Johor
2021-05-23,Jalan Temiang,Kumpulan Berisiko Tinggi,Negeri Sembilan
2021-05-23,Terendak Permai,Keagamaan,Melaka
2021-05-23,Kampung Paroh,Komuniti,Terengganu
2021-05-23,Jalan Desa Satu,Keagamaan,Selangor
2021-05-23,Jarum Laut,Komuniti,Johor
2021-05-23,Bukit Temedak,Komuniti,Sarawak
2021-05-23,Jalan Kempas Dua,Tempat Kerja,Johor
2021-05-23,Jalan Bukit Puchong,Tempat Kerja,Selangor
2021-05-23,Jalan Enam Selatan,Tempat Kerja,Selangor
2021-05-23,Jalan Enam Selatan,Tempat Kerja,WP Kuala Lumpur
2021-05-23,Jalan Enam Selatan,Tempat Kerja,WP Putrajaya
2021-05-23,Jalan Enam Selatan,Tempat Kerja,Negeri Sembilan
2021-05-23,Industri Bukit Minyak,Tempat Kerja,Pulau Pinang
2021-05-23,Persiaran Cassia Selatan Dua,Tempat Kerja,Pulau Pinang
2021-05-23,Jalan Kilang Ubi,Tempat Kerja,Pulau Pinang
2021-05-23,Jalan Perindustrian Lima,Tempat Kerja,Johor
2021-05-23,Bandar Jalan Putra,Tempat Kerja,Pahang
2021-05-23,Simpang Juasseh,Komuniti,Negeri Sembilan
2021-05-23,Kemuning Tujuh,Tempat Kerja,Selangor
2021-05-24,Dermaga Sembilan,Import,Johor
2021-05-24,Kampung Pangkal Payung,Komuniti,Kelantan
2021-05-24,Jalan Jed,Kumpulan Berisiko Tinggi,Selangor
2021-05-24,Kilometer Enam Jalan Lipis,Pendidikan,Pahang
2021-05-24,Kilometer Enam Jalan Lipis,Pendidikan,WP Kuala Lumpur
2021-05-24,Landai Permai,Keagamaan,WP Kuala Lumpur
2021-05-24,Jalan Ehsan Jaya,Keagamaan,Johor
2021-05-24,Patau – Patau,Komuniti,WP Labuan
2021-05-24,Taman Teratai,Komuniti,Pahang
2021-05-24,Kampung Padawan,Komuniti,Sabah
2021-05-24,Taman Setia Jaya,Keagamaan,Negeri Sembilan
2021-05-24,Jalan Akik,Komuniti,Johor
2021-05-24,Jalan Bestari Satu,Tempat Kerja,Selangor
2021-05-24,Jalan Dato Sellathevan Empat,Tempat Kerja,Selangor
2021-05-24,Wakaf Tembesu,Tempat Kerja,Terengganu
2021-05-24,Jalan Tengkorak,Tempat Kerja,Selangor
2021-05-24,Jalan Perindustrian Bukit Minyak,Tempat Kerja,Pulau Pinang
2021-05-24,Jalan Usaha Tujuh,Tempat Kerja,Melaka
2021-05-24,Industri Pengkalan Balak,Tempat Kerja,Melaka
2021-05-24,Jalan Todak,Tempat Kerja,Pulau Pinang
2021-05-24,Deluxe,Komuniti,Sabah
2021-05-25,Industri Kledang Satu,Tempat Kerja,Perak
2021-05-25,Desa Pinggiran Putra,Keagamaan,Selangor
2021-05-25,Jalan Sekuntum,Komuniti,Johor
2021-05-25,Jalan Selendang,Komuniti,Johor
2021-05-25,Jalan Dato Permaisuri,Komuniti,Sarawak
2021-05-25,Jalan Tahir Manan,Komuniti,Selangor
2021-05-25,Sungai Isap Perdana,Tempat Kerja,Pahang
2021-05-25,Sungai Isap Perdana,Tempat Kerja,Selangor
2021-05-25,Kalabakan Selatan,Tempat Kerja,Sabah
2021-05-25,Perusahaan Maju Enam,Tempat Kerja,Pulau Pinang
2021-05-25,Jalan Segambut Lentang,Tempat Kerja,WP Kuala Lumpur
2021-05-25,Tasek Raja,Tempat Kerja,Kelantan
2021-05-25,Jalan Cemerlang Elektrik,Tempat Kerja,Johor
2021-05-25,Jalan Enam Selatan 1A,Tempat Kerja,Selangor
2021-05-25,Tapak Bina Persiaran Setia Dagang,Tempat Kerja,Selangor
2021-05-25,Dah Charok Bemban,Tempat Kerja,Kedah
2021-05-26,Kampung Semerah Padi,Komuniti,Sarawak
2021-05-26,Bandar Lama Machang,Komuniti,Kelantan
2021-05-26,Kampung Kenjong,Komuniti,Kelantan
2021-05-26,Sungai Pukul,Komuniti,Sabah
2021-05-26,Lestari Mewah,Keagamaan,Selangor
2021-05-26,Kauran Durok,Komuniti,Sabah
2021-05-26,Jalan Harmoni Utama,Keagamaan,Johor
2021-05-26,Industri Kampung Tersang,Tempat Kerja,Pahang
2021-05-26,Delima Raya,Komuniti,Pahang
2021-05-26,Jalan IKA,Tempat Kerja,Perak
2021-05-26,Chat Lipis,Keagamaan,Pahang
2021-05-26,Perusahaan Maju Sepuluh,Tempat Kerja,Pulau Pinang
2021-05-26,Kampung Tun       Abdul Razak,Tempat Kerja,Selangor
2021-05-26,Jalan Bersatu,Tempat Kerja,Selangor
2021-05-26,Meranti Jaya 2,Tempat Kerja,Selangor
2021-05-26,Jalan Sukma,Tempat Kerja,Sarawak
2021-05-26,Jalan Cassia       Selatan Lima,Tempat Kerja,Pulau Pinang
2021-05-26,Jalan Satu Ayer Hitam,Tempat Kerja,Johor
2021-05-26,Jalan Tengar Industri,Tempat Kerja,Johor
2021-05-26,Jalan Temenggung Dua,Tempat Kerja,Johor
2021-05-26,Industri Zon Dagang Satu,Tempat Kerja,Pulau Pinang
2021-05-26,Jalan Bukit Satu,Tempat Kerja,Johor
2021-05-27,Sri Mahang,Tempat Kerja,Kelantan
2021-05-27,Jalan Kolej Yayasan,Pendidikan,Melaka
2021-05-27,DTI Tanah Merah,Pusat Tahanan,Kelantan
2021-05-27,Jalan Cenderawasih,Keagamaan,Perak
2021-05-27,Jalan Syawal,Keagamaan,Pahang
2021-05-27,Tebuk Binjai,Keagamaan,Selangor
2021-05-27,Batu Sepuluh Jalan Gambang,Tempat Kerja,Pahang
2021-05-27,Taman Shamelin,Tempat Kerja,WP Kuala Lumpur
2021-05-27,Jalan Tahana Industri,Tempat Kerja,Johor
2021-05-27,Selumit,Tempat Kerja,Sarawak
2021-05-27,Persiaran Kuala 2,Tempat Kerja,Selangor
2021-05-27,Beg Berkunci,Tempat Kerja,Selangor
2021-05-27,Desa Ranggu,Komuniti,Sabah
2021-05-27,Kampung Banggol Petaling,Komuniti,Kelantan
2021-05-27,Telok Kemunting,Komuniti,Kelantan
2021-05-27,Sri Sentosa,Komuniti,Kelantan
2021-05-27,Jalan Rusa Waha,Komuniti,Johor
2021-05-27,Serom Lima,Komuniti,Johor
2021-05-27,Jalan Wawasan Tanjung,Komuniti,Johor
2021-05-27,Jalan Pinang 39,Komuniti,Johor
2021-05-28,Jalan Kampung Bukit,Keagamaan,Pulau Pinang
2021-05-28,Jalan Seroja Kepis,Keagamaan,Negeri Sembilan
2021-05-28,Seksyen Dua,Keagamaan,WP Kuala Lumpur
2021-05-28,Sri Gombak Lapan,Pendidikan,Selangor
2021-05-28,DTI Bukit Jalil 2,Pusat Tahanan,WP Kuala Lumpur
2021-05-28,Bukit Ilmu,Pendidikan,Kelantan
2021-05-28,Tawar Empat,Kumpulan Berisiko Tinggi,Johor
2021-05-28,Kampung Chubadak,Keagamaan,WP Kuala Lumpur
2021-05-28,Dah Pinang,Pendidikan,Kedah
2021-05-28,Tanjung Kepah,Komuniti,Perak
2021-05-28,Jalan Satu Olak,Tempat Kerja,Selangor
2021-05-28,Dah Emas Suria,Komuniti,Kedah
2021-05-28,Kampung Teliar,Komuniti,Kelantan
2021-05-28,Kampung Chekok,Komuniti,Kelantan
2021-05-28,Persiaran Sepang Sebelas,Komuniti,Selangor
2021-05-28,Perusahaan Valdor,Tempat Kerja,Pulau Pinang
2021-05-28,Jalan Hospital Tampoi,Tempat Kerja,Johor
2021-05-28,Tapak Bina        Wangsa Perdana,Tempat Kerja,WP Kuala Lumpur
2021-05-28,Kemumin,Tempat Kerja,Kelantan
2021-05-28,Perusahaan Satu    Batu Caves,Tempat Kerja,Selangor
2021-05-28,Jalan Padi,Komuniti,Negeri Sembilan
2021-05-29,Site BC Sekinchan,Komuniti,Selangor
2021-05-29,Sungai Sian,Komuniti,Sarawak
2021-05-29,Jalan Damai Tangkak,Komuniti,Johor
2021-05-29,Jalan Ng Song Teik,Pendidikan,Perak
2021-05-29,Simpang Sungai,Komuniti,WP Labuan
2021-05-29,Paya Terbakar,Komuniti,Pulau Pinang
2021-05-29,Kampung Baru Bentong,Komuniti,Pahang
2021-05-29,Kampung Matang,Komuniti,Terengganu
2021-05-29,Taman Asean Dua,Keagamaan,Melaka
2021-05-29,Dah Kedawang,Komuniti,Kedah
2021-05-29,Rengas Jaya,Keagamaan,Perak
2021-05-29,Industri Jalan Lapan,Tempat Kerja,Kelantan
2021-05-29,Jalan Bagan Ajam,Keagamaan,Pulau Pinang
2021-05-29,Trolak Utara,Keagamaan,Perak
2021-05-29,Persiaran Tiga Selayang,Tempat Kerja,Selangor
2021-05-29,Bukit Permai Utama Tiga,Tempat Kerja,Selangor
2021-05-29,Industri Jalan Berlian,Tempat Kerja,Johor
2021-05-29,Jalan Teknokrat Lima,Tempat Kerja,Selangor
2021-05-29,Jalan Klinik Pasir Puteh,Tempat Kerja,Kelantan
2021-05-29,Industri Batu 16 Bemban,Tempat Kerja,Melaka
2021-05-29,Patuma,Keagamaan,Sabah
2021-05-29,Taman Desa Harmoni,Keagamaan,Johor
2021-05-29,Jalan Istimewa Satu,Tempat Kerja,Johor
2021-05-30,Jalan Sri Putri 11,Komuniti,Johor
2021-05-30,Desa Melawati,Kumpulan Berisiko Tinggi,WP Kuala Lumpur
2021-05-30,Kolej Bunga Raya,Pendidikan,WP Kuala Lumpur
2021-05-30,Kampung Pagi,Keagamaan,Pahang
2021-05-30,Sungai Ular,Komuniti,Terengganu
2021-05-30,Sungai Parik,Komuniti,Sarawak
2021-05-30,Gerigat,Komuniti,Sarawak
2021-05-30,Taman Wahyu,Komuniti,Kelantan
2021-05-30,Jalan Laksamana Tiga,Keagamaan,Johor
2021-05-30,Jalan Veterinari,Komuniti,Pulau Pinang
2021-05-30,Industri Dioh,Tempat Kerja,Negeri Sembilan
2021-05-30,Lorong Jelawat Dua,Tempat Kerja,Pulau Pinang
2021-05-30,Taman Industri Pelabuhan,Tempat Kerja,Perak
2021-05-30,Perindustrian Batu Caves,Tempat Kerja,WP Kuala Lumpur
2021-05-30,Balakong Batu Dua Belas,Tempat Kerja,Selangor
2021-05-30,Jalan Kasuarina,Tempat Kerja,Selangor
2021-05-30,Kampung Tanjong Chenok,Komuniti,Kelantan
2021-05-31,Industri Bukit Minyak Tujuh,Tempat Kerja,Pulau Pinang
2021-05-31,Lintang Bayan Lepas Enam,Tempat Kerja,Pulau Pinang
2021-05-31,Tapak Bina Klebang,Tempat Kerja,Melaka
2021-05-31,Jalan Mahsuri Kluang,Tempat Kerja,Johor
2021-05-31,Jalan Sierra Perdana Empat,Tempat Kerja,Johor
2021-05-31,Dah PKNK 3/8,Tempat Kerja,Kedah
2021-05-31,Industri Indera Mahkota 14,Tempat Kerja,Pahang
2021-05-31,Jalan Coastal Bintulu-Miri,Tempat Kerja,Sarawak
2021-05-31,Jalan Perusahaan Dua Lima,Tempat Kerja,Selangor
2021-05-31,Perindustrian Trisegi,Tempat Kerja,WP Kuala Lumpur
2021-05-31,Muara Tabuan,Tempat Kerja,Sarawak
2021-05-31,Langgar Hilir,Komuniti,Terengganu
2021-05-31,Jalan Sudirman,Tempat Kerja,Pahang
2021-05-31,Jalan Pantai Permai,Komuniti,WP Kuala Lumpur
2021-05-31,Kampung Gelong Badak,Komuniti,Kelantan
2021-05-31,Tok Jawa,Komuniti,Kelantan
2021-05-31,Jalan Jambusan -Sunchar,Komuniti,Sarawak
2021-05-31,Dah Bagan,Komuniti,Kedah
2021-05-31,Kampung Sungai Kerang,Komuniti,Perak
2021-05-31,Milenium,Komuniti,Sabah
2021-05-31,Kampung Laneh,Komuniti,Perak
2021-05-31,Jalan Alam Jaya,Tempat Kerja,Selangor
2021-05-31,Industri Jalan Karak,Tempat Kerja,Pahang
2021-05-31,Dah Batu Dua,Pendidikan,Kedah
2021-05-31,Persiaran Titiwangsa,Kumpulan Berisiko Tinggi,WP Kuala Lumpur
2021-06-01,Jalan Taman Sri Selising,Pendidikan,Kelantan
2021-06-01,Persiaran Bestari,Tempat Kerja,Selangor
2021-06-01,Batu Empat Kampung Jawa,Tempat Kerja,Selangor
2021-06-01,Jalan Setia Perdana,Tempat Kerja,Selangor
2021-06-01,Jalan Haji Lampam,Tempat Kerja,Sarawak
2021-06-01,Panchor,Tempat Kerja,Kelantan
2021-06-01,Jalan NIP Dua,Tempat Kerja,Johor
2021-06-01,Jalan Dataran Larkin Tiga,Tempat Kerja,Johor
2021-06-01,Jalan Suka Ria,Tempat Kerja,Johor
2021-06-01,Jalan Semarak,Tempat Kerja,WP Kuala Lumpur
2021-06-01,Hala Kampung Jawa Dua,Tempat Kerja,Pulau Pinang
2021-06-01,Jalan Enggang,Tempat Kerja,Selangor
2021-06-01,Lebuh Kampung Jawa,Tempat Kerja,Pulau Pinang
2021-06-01,Tengah Hulu Gedong,Komuniti,Sarawak
2021-06-01,Kampung Bukit Bidang,Komuniti,Kelantan
2021-06-01,Linggiu,Komuniti,Johor
2021-06-01,Belah Dua,Komuniti,Pulau Pinang
2021-06-01,Kampung Paloh Chicha Tinggi,Komuniti,Kelantan
2021-06-01,Lubok Kuin,Komuniti,Kelantan
2021-06-01,Indah Paka,Komuniti,Terengganu
2021-06-01,Teluk Muroh,Komuniti,Perak
2021-06-01,Parit Haji Wahab,Keagamaan,Perak
2021-06-01,Parit Babok,Keagamaan,Johor
2021-06-01,Jalan Greentown Dua,Tempat Kerja,Perak
2021-06-01,Taman Kerian Tambahan,Keagamaan,Perak
2021-06-01,Kampung Menjual,Pendidikan,Kelantan
2021-06-01,Persiaran Raja Chulan,Kumpulan Berisiko Tinggi,WP Kuala Lumpur
2021-06-02,Industri Bukit Panchor,Tempat Kerja,Pulau Pinang
2021-06-02,Jalan Jee Cattleya,Tempat Kerja,Sarawak
2021-06-02,Jalan Pinang Riam,Tempat Kerja,Sarawak
2021-06-02,Jalan SILC Satu,Tempat Kerja,Johor
2021-06-02,Teknologi Enam,Tempat Kerja,Johor
2021-06-02,Jalan Bioteknologi Satu,Tempat Kerja,Johor
2021-06-02,Pantai Kemayang,Tempat Kerja,Kelantan
2021-06-02,Industri Jemapoh,Tempat Kerja,Negeri Sembilan
2021-06-02,Jalan Tambun,Tempat Kerja,Perak
2021-06-02,Jalan Balam,Tempat Kerja,WP Kuala Lumpur
2021-06-02,Jalan Parit Raja Tengah,Komuniti,Johor
2021-06-02,Sungai Penyarai,Komuniti,Sarawak
2021-06-02,Kelisa Emas,Komuniti,Pulau Pinang
2021-06-02,Taman Fasa 2A,Komuniti,Perak
2021-06-02,Taman Fasa 2A,Komuniti,WP Kuala Lumpur
2021-06-02,Dah Kampung Lancuk,Komuniti,Kedah
2021-06-02,Kampung Alai,Komuniti,Perak
2021-06-02,Jalan Beringin,Pendidikan,Selangor
2021-06-02,Jalan Yaacob Latif 2,Pendidikan,WP Kuala Lumpur
2021-06-02,DTI Kemayan,Pusat Tahanan,Pahang
2021-06-02,Jalan Mutiara Galla,Keagamaan,Negeri Sembilan
2021-06-02,Nanga Meruan,Komuniti,Sarawak
2021-06-02,Jalan Waja Lima Belas,Tempat Kerja,Selangor
2021-06-03,Tapak Bina Persiaran Bukit Raja,Tempat Kerja,Selangor
2021-06-03,Tapak Bina Bandar Sunsuria,Tempat Kerja,Selangor
2021-06-03,Tapak Bina Jalan Wawasan,Tempat Kerja,Selangor
2021-06-03,Jalan Damai Budi,Pendidikan,WP Kuala Lumpur
2021-06-03,Kampung Mat Daling,Komuniti,Pahang
2021-06-03,Jalan Cendana,Komuniti,Johor
2021-06-03,Sungai Selangan,Komuniti,Sarawak
2021-06-03,Putra Empat,Tempat Kerja,WP Putrajaya
2021-06-03,Industri Gebeng,Tempat Kerja,Pahang
2021-06-03,Jalan Tembaga Kuning,Tempat Kerja,Perak
2021-06-03,Jalan Coastal Sembulan,Tempat Kerja,Sabah
2021-06-03,Jalan Pasar Bukit Mertajam,Tempat Kerja,Pulau Pinang
2021-06-03,Industri Perai Empat,Tempat Kerja,Pulau Pinang
2021-06-03,Jalan 4A Padang Tembak,Tempat Kerja,Kelantan
2021-06-03,Jalan Sri Aman,Tempat Kerja,Kelantan
2021-06-03,Kampung Aur,Tempat Kerja,Kelantan
2021-06-03,Jalan Paya,Tempat Kerja,Johor
2021-06-03,Jalan Angkasa Mas Satu,Tempat Kerja,Johor
2021-06-03,Jalan Murni Lapan,Tempat Kerja,Johor
2021-06-03,Jalan Flora Utama,Tempat Kerja,Johor
2021-06-03,Jalan Brooke,Tempat Kerja,Sarawak
2021-06-03,Batu Hitam,Komuniti,Pahang
2021-06-03,Taman Sentosa,Tempat Kerja,Selangor
2021-06-03,Jalan Manan 2,Tempat Kerja,Selangor
2021-06-04,Jalan Sungai Bakau,Tempat Kerja,Selangor
2021-06-04,Jalan Tampin – Gemas,Tempat Kerja,Negeri Sembilan
2021-06-04,Industri Jalan Senawang Tiga,Tempat Kerja,Negeri Sembilan
2021-06-04,Industri Sungai Buloh,Tempat Kerja,Selangor
2021-06-04,Jalan Keluli Tiga,Tempat Kerja,Johor
2021-06-04,Jalan Bandar Baru,Tempat Kerja,Pulau Pinang
2021-06-04,Jalan Jelapang 2,Tempat Kerja,Perak
2021-06-04,Jalan Tanjung Machang,Tempat Kerja,Kelantan
2021-06-04,Pasar Borong Jengka,Tempat Kerja,Pahang
2021-06-04,Bunut,Komuniti,Sarawak
2021-06-04,Persiaran Camellia,Tempat Kerja,Selangor
2021-06-04,Pulutan,Komuniti,Sabah
2021-06-04,Dah Rimba,Komuniti,Kedah
2021-06-04,Alor Serdang,Komuniti,Terengganu
2021-06-04,Gunung Senyum,Komuniti,Pahang
2021-06-04,Jengka Dua Puluh,Komuniti,Pahang
2021-06-04,Tapak Bina  Desa Bakti,Tempat Kerja,WP Kuala Lumpur
2021-06-04,Taman Seremban Jaya,Keagamaan,Negeri Sembilan
2021-06-04,Jalan Alor Gajah Lama,Keagamaan,Melaka
2021-06-04,Persiaran Mercu,Pendidikan,Selangor
2021-06-04,Putra Enam Belas,Pendidikan,WP Putrajaya
2021-06-04,Putra Enam Belas,Pendidikan,Selangor
2021-06-04,Dah Fajar,Komuniti,Kedah
2021-06-04,Industri Persiaran Bunga Tanjung Dua,Tempat Kerja,Negeri Sembilan
2021-06-05,Jalan Perak Industri,Tempat Kerja,Johor
2021-06-05,Jalan Jaya 2,Kumpulan Berisiko Tinggi,WP Kuala Lumpur
2021-06-05,Jalan Kampung Yoh,Tempat Kerja,Sarawak
2021-06-05,Industri Jalan Bunga Tanjung Tiga,Tempat Kerja,Negeri Sembilan
2021-06-05,Lorong Perusahaan Maju Enam,Tempat Kerja,Pulau Pinang
2021-06-05,Lubok Nitik,Tempat Kerja,Sarawak
2021-06-05,Lebuh Raja Lumu,Tempat Kerja,Selangor
2021-06-05,Jalan Persiaran 67,Tempat Kerja,Johor
2021-06-05,Kilometer Dua Belas,Tempat Kerja,Selangor
2021-06-05,Jalan Molek Satu,Tempat Kerja,Johor
2021-06-05,Industri Wakaf Tapai,Tempat Kerja,Terengganu
2021-06-05,Ladang Bukit Ibam,Tempat Kerja,Pahang
2021-06-05,Jalan Perkasa,Pendidikan,WP Kuala Lumpur
2021-06-05,Jalan Changkat Permata,Tempat Kerja,Selangor
2021-06-05,Gambaron,Tempat Kerja,Sabah
2021-06-05,Jalan Emas Satu Nilai,Tempat Kerja,Negeri Sembilan
2021-06-05,Jalan Johor,Tempat Kerja,Johor
2021-06-05,Jalan Melaka,Tempat Kerja,WP Kuala Lumpur
2021-06-05,Jalan Pahang Taiping,Komuniti,Perak
2021-06-05,Banting Sri Aman,Komuniti,Sarawak
2021-06-05,Ijus Pengelayan,Komuniti,Sarawak
2021-06-05,Kampung Blok 31,Komuniti,Sabah
2021-06-05,Skim B Meradong,Komuniti,Sarawak
2021-06-05,Industri Mentakab,Tempat Kerja,Pahang
2021-06-06,Pagar Jalan Sultanah,Pusat Tahanan,Johor
2021-06-06,Kilometer 35 Kemendor,Keagamaan,Melaka
2021-06-06,Jalan Alamanda Dua,Tempat Kerja,WP Putrajaya
2021-06-06,Jalan Alamanda Dua,Tempat Kerja,Selangor
2021-06-06,Behrang Stesen,Pendidikan,Perak
2021-06-06,Kampung Bakong,Komuniti,Kelantan
2021-06-06,Bukit Jong,Komuniti,Kelantan
2021-06-06,Murni C,Komuniti,Sabah
2021-06-06,Tamalang,Komuniti,Sabah
2021-06-06,Gusi,Komuniti,Sabah
2021-06-06,Dah Saga,Tempat Kerja,Kedah
2021-06-06,Industri Bukit Nian,Tempat Kerja,Melaka
2021-06-06,Hilir Sungai Kluang Tiga,Tempat Kerja,Pulau Pinang
2021-06-06,Industri Chain Ferry,Tempat Kerja,Pulau Pinang
2021-06-06,Sri Cemerlang,Tempat Kerja,Kelantan
2021-06-06,Jalan Waja Enam Belas,Tempat Kerja,Selangor
2021-06-06,Persiaran Sabak 26,Tempat Kerja,Selangor
2021-06-06,Jalan Ketiau Tombovo,Tempat Kerja,Sabah
2021-06-06,Sawit Kinabatangan,Tempat Kerja,Sabah
2021-06-06,Jalan Utama,Tempat Kerja,Sabah
2021-06-06,Taman Aman,Tempat Kerja,Johor
2021-06-06,Ladang Tereh,Tempat Kerja,Johor
2021-06-06,Jalan Kebun Sayur,Tempat Kerja,Johor
2021-06-06,Jalan Teknologi Perintis Dua,Tempat Kerja,Johor
2021-06-06,Jalan Bertam 23,Tempat Kerja,Johor
2021-06-06,Jalan Silat   Harimau 21,Tempat Kerja,Johor
2021-06-06,Kampung Jejawi,Komuniti,Kelantan
2021-06-06,Jaya Gading,Komuniti,Pahang
2021-06-06,Jalan Parit Haji Zain,Tempat Kerja,Johor
2021-06-06,Jalan Kasturi Satu,Pendidikan,Selangor
2021-06-06,Bukit Gasing,Kumpulan Berisiko Tinggi,Selangor
2021-06-07,Pelandang,Komuniti,Terengganu
2021-06-07,Integrasi Rawang Satu,Tempat Kerja,Selangor
2021-06-07,Jalan Keretapi Lama Klang,Tempat Kerja,Selangor
2021-06-07,Jalan Tujuh Selatan,Tempat Kerja,Selangor
2021-06-07,Jalan SS Enam,Tempat Kerja,Selangor
2021-06-07,Jalan Perindustrian Tujuh,Tempat Kerja,Johor
2021-06-07,Jalan Parit Hulu,Tempat Kerja,Johor
2021-06-07,Jalan Besar Rengit,Tempat Kerja,Johor
2021-06-07,Jalan Airport,Tempat Kerja,Sarawak
2021-06-07,Jalan Ilmu,Tempat Kerja,Sarawak
2021-06-07,Pedas 2,Tempat Kerja,Negeri Sembilan
2021-06-07,Hamparan,Tempat Kerja,Sabah
2021-06-07,Kampung Gajah Mati,Tempat Kerja,Kelantan
2021-06-07,Jalan Walter Granier,Tempat Kerja,WP Kuala Lumpur
2021-06-07,Jalan Burma,Tempat Kerja,Pulau Pinang
2021-06-07,Dah Ria Jaya,Tempat Kerja,Kedah
2021-06-07,Sungai Durin,Komuniti,Sarawak
2021-06-07,Jalan Masket,Komuniti,Sarawak
2021-06-07,Taman Wawasan,Komuniti,Sabah
2021-06-07,Kampung Bolong Baru,Komuniti,Sabah
2021-06-07,Jalan Budi,Komuniti,Sabah
2021-06-07,Industri Kampung Gebok,Tempat Kerja,Negeri Sembilan
2021-06-07,Jalan Keranji,Kumpulan Berisiko Tinggi,Johor
2021-06-08,Jalan Logah Segamat,Keagamaan,Johor
2021-06-08,Jalan Alamanda Presint Satu,Tempat Kerja,WP Putrajaya
2021-06-08,Rantau Kenanga,Komuniti,Perak
2021-06-08,Ulu Sebakong,Komuniti,Sarawak
2021-06-08,Ulu Teru,Komuniti,Sarawak
2021-06-08,Tanjung Aru Baru,Komuniti,Sabah
2021-06-08,Kampung Bundu,Komuniti,Sabah
2021-06-08,Jalan Sri Jaafar,Tempat Kerja,Pahang
2021-06-08,Jalan Kota Jelasin,Tempat Kerja,Kelantan
2021-06-08,Jalan Seruling,Tempat Kerja,Pulau Pinang
2021-06-08,Jalan Cempedak 2,Kumpulan Berisiko Tinggi,WP Kuala Lumpur
2021-06-08,Jalan Melang,Kumpulan Berisiko Tinggi,Negeri Sembilan
2021-06-08,Tapak Bina Muda 2,Tempat Kerja,WP Kuala Lumpur
2021-06-08,Jalan Kesang,Tempat Kerja,Johor
2021-06-08,Industri Tanjung Agas,Tempat Kerja,Johor
2021-06-08,Segara,Tempat Kerja,Sabah
2021-06-08,Ocean Blue,Tempat Kerja,Sabah
2021-06-08,Coral,Tempat Kerja,Sabah
2021-06-08,Bukit Rahman Lapan,Tempat Kerja,Selangor
2021-06-08,Jalan Enam C,Tempat Kerja,Selangor
2021-06-08,Jalan Equine,Tempat Kerja,Selangor
2021-06-08,Jalan Satu Olak Dua,Tempat Kerja,Selangor
2021-06-08,Dah Mahang Merah,Tempat Kerja,Kedah
2021-06-08,Teluk Kabung,Kumpulan Berisiko Tinggi,Johor
2021-06-09,Industri Balakong Tujuh,Tempat Kerja,Selangor
2021-06-09,Perusahaan Dua Batu Caves,Tempat Kerja,Selangor
2021-06-09,Dah Mengkudu,Tempat Kerja,Kedah
2021-06-09,Gong Mengkeleh,Komuniti,Kelantan
2021-06-09,Alam Jaya Dua,Tempat Kerja,Selangor
2021-06-09,Jalan Wisma,Tempat Kerja,Sabah
2021-06-09,Lot Sembilan,Tempat Kerja,Sabah
2021-06-09,Kampung Huda,Tempat Kerja,Kelantan
2021-06-09,Industri Teluk Kalong,Tempat Kerja,Terengganu
2021-06-09,Lorong Perusahaan 8A,Tempat Kerja,Pulau Pinang
2021-06-09,Industri Medan Tasek,Tempat Kerja,Perak
2021-06-09,Jalan Keluli Sembilan,Tempat Kerja,Johor
2021-06-09,Sungai Rasau 27,Tempat Kerja,Selangor
2021-06-09,Putra Sembilan,Pendidikan,WP Putrajaya
2021-06-09,Putra Sembilan,Pendidikan,Selangor
2021-06-09,Camar Lapan,Tempat Kerja,Selangor
2021-06-10,Jalan Seri Austin,Tempat Kerja,Johor
2021-06-10,Jalan Perusahaan Maju Empat,Tempat Kerja,Pulau Pinang
2021-06-10,Jalan Dua Olak Lempit,Tempat Kerja,Selangor
2021-06-10,Jalan Perindustrian Balakong Jaya Dua,Tempat Kerja,Selangor
2021-06-10,Jalan Tiga Salak Tinggi,Tempat Kerja,Selangor
2021-06-10,Jalan Tanjung Klang,Tempat Kerja,Selangor
2021-06-10,Tapak Bina Alam Perdana,Tempat Kerja,Selangor
2021-06-10,Jalan SS Lapan Empat,Tempat Kerja,Selangor
2021-06-10,Jalan SS Lapan Empat,Tempat Kerja,WP Kuala Lumpur
2021-06-10,Jalan SS Lapan Empat,Tempat Kerja,WP Putrajaya
2021-06-10,Ploteknologi,Tempat Kerja,Johor
2021-06-10,Jalan Besar Batu Enam,Tempat Kerja,Johor
2021-06-10,Jalan Lee Bah Chai,Tempat Kerja,Johor
2021-06-10,Industri Kampung Jaya,Tempat Kerja,Selangor
2021-06-10,Jalan Bukit Satu Zink,Tempat Kerja,Johor
2021-06-10,Jalan Bandar Pasir Gudang,Tempat Kerja,Johor
2021-06-10,Lebuh Sungai Tiram Satu,Tempat Kerja,Pulau Pinang
2021-06-10,Jalan Besar Perai,Tempat Kerja,Pulau Pinang
2021-06-10,Tapak Bina Jalan Kolam Air,Tempat Kerja,WP Kuala Lumpur
2021-06-10,Dah Pekan Baru,Tempat Kerja,Kedah
2021-06-10,Bali Pie,Komuniti,Sarawak
2021-06-10,Jalan Samarakan,Komuniti,Sarawak
2021-06-10,Kampung Lakai,Komuniti,Negeri Sembilan
2021-06-10,Kampung Lobou,Keagamaan,Sabah
2021-06-11,Cabang Empat Chetok,Komuniti,Kelantan
2021-06-11,Semanok,Tempat Kerja,Sarawak
2021-06-11,Pekan Tatau Baru,Tempat Kerja,Sarawak
2021-06-11,Sungai Kakus,Tempat Kerja,Sarawak
2021-06-11,Laman Satu,Tempat Kerja,Johor
2021-06-11,Jalan Renchong,Tempat Kerja,Johor
2021-06-11,Jalan Tanjung A Tiga,Tempat Kerja,Johor
2021-06-11,Industri Jalan Bunga Cempaka Dua,Tempat Kerja,Selangor
2021-06-11,Industri Jalan Batu Arang,Tempat Kerja,Selangor
2021-06-11,Industri Puchong Lima,Tempat Kerja,Selangor
2021-06-11,Industri Sungai Putus,Tempat Kerja,Selangor
2021-06-11,Kopi Blues,Komuniti,Sabah
2021-06-11,Jalan Permatang Lapan,Kumpulan Berisiko Tinggi,Johor
2021-06-11,Industri Persiaran Raja Lumu,Tempat Kerja,Selangor
2021-06-11,Bukit Bakri,Tempat Kerja,Johor
2021-06-11,Penchala,Komuniti,WP Kuala Lumpur
2021-06-12,Industri Jalan Bandar Lama,Tempat Kerja,Selangor
2021-06-12,Jalan Bachok – Tok Bali,Pusat Tahanan,Kelantan
2021-06-12,Industri Jalan Sellathevan,Tempat Kerja,Selangor
2021-06-12,Industri Jalan Udang Galah,Tempat Kerja,Selangor
2021-06-12,Flora Blue Valley,Tempat Kerja,Pahang
2021-06-12,Industri Jalan 1/6 Gebeng,Tempat Kerja,Pahang
2021-06-12,Industri Jalan Haruan Enam,Tempat Kerja,Negeri Sembilan
2021-06-12,Industri Taman Melur,Tempat Kerja,Negeri Sembilan
2021-06-12,Jalan Perindustrian Bukit Minyak Tiga,Tempat Kerja,Pulau Pinang
2021-06-12,Perusahaan Baru Satu,Tempat Kerja,Pulau Pinang
2021-06-12,Jalan Pekeliling Tanjung,Tempat Kerja,Johor
2021-06-12,Industri Batu 46,Tempat Kerja,Selangor
2021-06-12,Jalan Lai Tet Loke,Tempat Kerja,WP Kuala Lumpur
2021-06-12,Dah Bukit Makmur,Tempat Kerja,Kedah
2021-06-12,Kampung Kubang Batu,Komuniti,Kelantan
2021-06-12,Kedai Ketereh,Komuniti,Kelantan
2021-06-12,Kampung Sinar Budi Baru,Komuniti,Sarawak
2021-06-12,Melatai,Komuniti,Sarawak
2021-06-12,Kampung Baru Sipitang,Komuniti,Sabah
2021-06-12,Indah,Komuniti,Sabah
2021-06-12,Ambar Park,Komuniti,Sabah
2021-06-12,Tembok Bukit Mertajam,Pusat Tahanan,Pulau Pinang
2021-06-12,Desa Pulau Rusa,Tempat Kerja,Terengganu
2021-06-12,Jalan Besar Simpang Renggam,Tempat Kerja,Johor
2021-06-13,Industri Jalan Usaha Merlimau,Tempat Kerja,Melaka
2021-06-13,Kampung Tabuan Haji Drahman,Komuniti,Sarawak
2021-06-13,Dah Sintok,Pendidikan,Kedah
2021-06-13,Kebayau,Komuniti,Sabah
2021-06-13,Kampung Sebandi Hilir,Komuniti,Sarawak
2021-06-13,Industri Jalan Sepuluh,Tempat Kerja,Kelantan
2021-06-13,Desa Tun Razak 2,Tempat Kerja,WP Kuala Lumpur
2021-06-13,Jalan Agaseh,Tempat Kerja,Sabah
2021-06-13,Lorong Satu A,Tempat Kerja,Sabah
2021-06-13,Tembikar Jalan Johor,Tempat Kerja,Johor
2021-06-13,PLO Perindustrian 65,Tempat Kerja,Johor
2021-06-13,Industri Jalan Anggerik Mokara,Tempat Kerja,Selangor
2021-06-13,Industri Sungai Chandong Sembilan,Tempat Kerja,Selangor
2021-06-13,Industri Jalan Sijangkang Utama,Tempat Kerja,Selangor
2021-06-13,Kampung Choh,Tempat Kerja,Johor
2021-06-14,Perindustrian Bakri Lima,Tempat Kerja,Johor
2021-06-14,Jalan Minyak Beku,Tempat Kerja,Johor
2021-06-14,Jalan Aik Hwa Choon,Tempat Kerja,Johor
2021-06-14,Industri Jalan Tengah Empat,Tempat Kerja,Selangor
2021-06-14,Tapak Bina Persiaran Pertahanan,Tempat Kerja,WP Kuala Lumpur
2021-06-14,Industri Subang Tujuh,Tempat Kerja,Selangor
2021-06-14,Industri Persiaran Usahawan Tiga,Tempat Kerja,Selangor
2021-06-14,Industri Sungai Pinang Lapan,Tempat Kerja,Selangor
2021-06-14,Batu Empat Tunjong,Tempat Kerja,Kelantan
2021-06-14,Industri Jalan Makmur,Tempat Kerja,Selangor
2021-06-14,Industri 5084 Pengkalan Chepa,Tempat Kerja,Kelantan
2021-06-14,Walit Agas,Tempat Kerja,Johor
2021-06-14,Sungai Sentebu,Komuniti,Sarawak
2021-06-14,Ulu Sangan,Komuniti,Sarawak
2021-06-14,Kampung Berangan Apam,Komuniti,Kelantan
2021-06-14,Kampung Senggang,Komuniti,Perak
2021-06-14,Jalan Bukit Delima,Kumpulan Berisiko Tinggi,Negeri Sembilan
2021-06-15,Nanga Sejugam,Komuniti,Sarawak
2021-06-15,Industri Teknologi Cheng 28,Tempat Kerja,Melaka
2021-06-15,Nanga Strass,Komuniti,Sarawak
2021-06-15,Kampung Kolong,Komuniti,Sarawak
2021-06-15,Desa Rejang,Komuniti,WP Kuala Lumpur
2021-06-15,Tingkat Perusahaan Empat,Tempat Kerja,Pulau Pinang
2021-06-15,Jalan Daya,Tempat Kerja,Sarawak
2021-06-15,Dulang,Tempat Kerja,Sarawak
2021-06-15,Kasap,Tempat Kerja,Johor
2021-06-15,Industri Jalan Serendah,Tempat Kerja,Selangor
2021-06-15,Industri Perusahaan Dua Bangi,Tempat Kerja,Selangor
2021-06-15,Dah Industri Arang,Tempat Kerja,Kedah
2021-06-15,Industri Meranti Jaya 13,Tempat Kerja,Selangor
2021-06-15,Industri Jalan Berangan,Tempat Kerja,Selangor
2021-06-15,Jalan Mesra,Kumpulan Berisiko Tinggi,WP Kuala Lumpur
2021-06-15,Jalan Mesra,Kumpulan Berisiko Tinggi,Selangor
2021-06-15,Industri Pulau Meranti,Tempat Kerja,Selangor
2021-06-15,Industri Balakong Baru 11,Tempat Kerja,Selangor
2021-06-15,Jalan Keluli Lama,Tempat Kerja,Johor
2021-06-15,Tapak Bina Wangsa Kuarza,Tempat Kerja,WP Kuala Lumpur
2021-06-16,Industri Serendah Indah,Tempat Kerja,Selangor
2021-06-16,Jalan Mentahak,Kumpulan Berisiko Tinggi,Johor
2021-06-16,Industri Jalan SS 13,Tempat Kerja,Selangor
2021-06-16,Industri Cheras Jalan Tiga,Tempat Kerja,Selangor
2021-06-16,Jalan Tanjung Kidurong Tiga,Tempat Kerja,Sarawak
2021-06-16,Jalan Wawasan Empat,Tempat Kerja,Johor
2021-06-16,Jalan Song Ban Kheng,Tempat Kerja,Pulau Pinang
2021-06-16,Jalan Tun Fatimah,Tempat Kerja,Melaka
2021-06-16,Solok Perusahaan Satu,Tempat Kerja,Pulau Pinang
2021-06-16,Solok Perusahaan Satu,Tempat Kerja,Kedah
2021-06-16,Gran Stumbin,Komuniti,Sarawak
2021-06-16,Jalan Bintulu – Tatau,Komuniti,Sarawak
2021-06-16,Kionsom Kecil,Komuniti,Sabah
2021-06-16,Lorong Tembun,Komuniti,Negeri Sembilan
2021-06-16,Sri Purnama,Komuniti,Kelantan
2021-06-16,Jalan Lima Ampang Utama,Kumpulan Berisiko Tinggi,Selangor
2021-06-16,Jalan Dayang,Kumpulan Berisiko Tinggi,Selangor
2021-06-16,Jalan Hujan Bubuk,Kumpulan Berisiko Tinggi,WP Kuala Lumpur
2021-06-16,Tapak Bina Jalan Gamuda Satu,Tempat Kerja,Selangor
2021-06-16,Jalan Intan,Tempat Kerja,Perak
2021-06-17,Tanjung Ketom,Komuniti,Terengganu
2021-06-17,Jalan Pamol,Tempat Kerja,Johor
2021-06-17,Industri Jalan Utarid U5,Tempat Kerja,Selangor
2021-06-17,Industri Solok Waja Dua,Tempat Kerja,Selangor
2021-06-17,Industri Batu Empat Sungai Pelek,Tempat Kerja,Selangor
2021-06-17,Industri Kilometer 15,Tempat Kerja,Selangor
2021-06-17,Industri Jalan KB 15,Tempat Kerja,Selangor
2021-06-17,Jalan Ho Koon Suan,Tempat Kerja,Johor
2021-06-17,Jalan Masyhur Empat,Tempat Kerja,Johor
2021-06-17,Jalan Seri Alam,Tempat Kerja,Johor
2021-06-17,Jalan Teluk Sengat,Tempat Kerja,Johor
2021-06-17,Jalan Perindustrian Enam,Tempat Kerja,Johor
2021-06-17,Industri Jalan Balakong Impian,Tempat Kerja,Selangor
2021-06-17,Bukit Godek,Komuniti,Melaka
2021-06-17,Taman Midah,Pendidikan,WP Kuala Lumpur
2021-06-17,Dah Industri Hitam,Tempat Kerja,Kedah
2021-06-17,Dah Industri Bakar,Tempat Kerja,Kedah
2021-06-17,Dah Segar Indah,Tempat Kerja,Kedah
2021-06-17,Lorong Industri Tujuh,Tempat Kerja,Pulau Pinang
2021-06-17,Tapak Bina Jalan Gelugor,Tempat Kerja,Pulau Pinang
2021-06-17,Sawai Niah,Tempat Kerja,Sarawak
2021-06-17,Pondok Batu Lapan,Tempat Kerja,Negeri Sembilan
2021-06-17,Jalan Kidurong Empat,Komuniti,Sarawak
2021-06-17,Bari,Komuniti,Negeri Sembilan
2021-06-17,Dah Industri Desa,Tempat Kerja,Kedah
2021-06-18,Industri Jalan Hitech Tujuh,Tempat Kerja,Selangor
2021-06-18,Industri Jalan Waja 14,Tempat Kerja,Selangor
2021-06-18,Jalan Abang Haji Openg,Tempat Kerja,WP Kuala Lumpur
2021-06-18,Industri Taming Lima,Tempat Kerja,Selangor
2021-06-18,Industri Agas Lima,Tempat Kerja,Johor
2021-06-18,Jalan SILC Industri,Tempat Kerja,Johor
2021-06-18,Tanjung A Empat,Tempat Kerja,Johor
2021-06-18,Industri Ayer Keroh,Tempat Kerja,Melaka
2021-06-18,Industri Jalan Mawar,Tempat Kerja,Melaka
2021-06-18,Industri Bukit Serdang Tujuh,Tempat Kerja,Selangor
2021-06-18,Tapak Bina Air Panas,Tempat Kerja,WP Kuala Lumpur
2021-06-18,Industri Jalan Jasmin,Tempat Kerja,Selangor
2021-06-18,Jalan Sungai Tapang,Tempat Kerja,Sarawak
2021-06-18,Jalan Fauna Satu,Tempat Kerja,Selangor
2021-06-18,Jalan Bidor,Tempat Kerja,Perak
2021-06-18,Kampung Serikin,Komuniti,Sarawak
2021-06-18,Jalan Padang Tembak Ayer Itam,Komuniti,Pulau Pinang
2021-06-18,Cabang Empat Salam,Komuniti,Kelantan
2021-06-18,Durian Penjara,Komuniti,Terengganu
2021-06-18,Jalan 18/16A Petaling,Kumpulan Berisiko Tinggi,Selangor
2021-06-18,Tembok Taiping 2,Pusat Tahanan,Perak
2021-06-18,Pintas – Lingkudau,Tempat Kerja,Sabah
2021-06-18,Tapak Bina Desa Rawang,Tempat Kerja,Selangor
2021-06-19,Jalan Kenyalang,Tempat Kerja,Johor
2021-06-19,Industri Jalan P1 Ayer Keroh,Tempat Kerja,Melaka
2021-06-19,Tanjung Bin Dua,Tempat Kerja,Johor
2021-06-19,Tapak Bina Perdagangan Dana,Tempat Kerja,Selangor
2021-06-19,Jalan Tujuh Selatan Dua,Tempat Kerja,Selangor
2021-06-19,Jalan Vita Dua,Tempat Kerja,Selangor
2021-06-19,Taman Merbau Utama,Komuniti,Kelantan
2021-06-19,Selindang,Tempat Kerja,Pahang
2021-06-19,Jalan Tengah,Komuniti,Johor
2021-06-19,Industri Alam Jaya 2/1,Tempat Kerja,Selangor
2021-06-19,Tapak Bina Jalan Perumahan Gurney,Tempat Kerja,WP Kuala Lumpur
2021-06-19,Jalan Kempas Lima,Tempat Kerja,Johor
2021-06-19,Industri Jalan Dua,Tempat Kerja,Selangor
2021-06-19,Dah Industri Jabi,Tempat Kerja,Kedah
2021-06-19,Sungai Banun,Komuniti,Sarawak
2021-06-19,Kampung Bedal,Komuniti,Kelantan
2021-06-19,Tebakang Dayak,Komuniti,Sarawak
2021-06-19,Tembok Mantin,Pusat Tahanan,Negeri Sembilan
2021-06-19,Tembok Labuan,Pusat Tahanan,WP Labuan
2021-06-19,Tembok Kluang,Pusat Tahanan,Johor
2021-06-19,Tembok Machang,Pusat Tahanan,Kelantan
2021-06-19,Dah Tiong,Kumpulan Berisiko Tinggi,Kedah
2021-06-19,Taman Damai,Komuniti,Kelantan
2021-06-19,Mongkos 2,Komuniti,Sarawak
2021-06-20,Tapak Bina Persiaran Hamidiah,Tempat Kerja,Selangor
2021-06-20,Industri Lebuh Satu,Tempat Kerja,Selangor
2021-06-20,Industri Solok Waja Satu,Tempat Kerja,Selangor
2021-06-20,Industri Meranti Dua,Tempat Kerja,Selangor
2021-06-20,Jalan Bundusan,Tempat Kerja,Sabah
2021-06-20,Tembok Sungai Udang 2,Pusat Tahanan,Melaka
2021-06-20,Iris Garden,Kumpulan Berisiko Tinggi,Sarawak
2021-06-20,Jalan Kemboja Tujuh,Kumpulan Berisiko Tinggi,Negeri Sembilan
2021-06-20,Kampung Nelayan Tengah,Komuniti,Sabah
2021-06-20,Beladau Selat,Komuniti,Terengganu
2021-06-20,Lorong Perlis Empat,Komuniti,Sarawak
2021-06-20,Kampung Pulau Panjang,Komuniti,Kelantan
2021-06-20,Kampung Tok Kamis,Komuniti,Kelantan
2021-06-20,Industri Lukut Tiga,Tempat Kerja,Negeri Sembilan
2021-06-20,Kampung Kubang Panjang,Tempat Kerja,Kelantan
2021-06-20,Lorong Empat Jerantut,Tempat Kerja,Pahang
2021-06-20,Indera Mahkota 16,Tempat Kerja,Pahang
2021-06-20,Tapak Bina Perindustrian Olak Lempit,Tempat Kerja,Selangor
2021-06-20,Tapak Bina Jalan Seri Tanjung Pinang,Tempat Kerja,Pulau Pinang
2021-06-21,Kampung Muara Tebas,Komuniti,Sarawak
2021-06-21,Serudung Baru,Komuniti,Sabah
2021-06-21,Jalan Jeram Pasu,Komuniti,Kelantan
2021-06-21,Kampung Tiong,Komuniti,Kelantan
2021-06-21,Quadruplex Lapan Enam,Komuniti,Sarawak
2021-06-21,Kevok,Komuniti,Sarawak
2021-06-21,Jalan Baru Tatau – Bintulu,Tempat Kerja,Sarawak
2021-06-21,Jalan Merbok Ayer Keroh,Tempat Kerja,Melaka
2021-06-21,Samedra,Tempat Kerja,Sabah
2021-06-21,Jalan Jelai – Rompin,Tempat Kerja,Negeri Sembilan
2021-06-21,Jalan Tok Jangggut,Kumpulan Berisiko Tinggi,Kelantan
2021-06-21,Lebuh Kurau Tiga,Tempat Kerja,Pulau Pinang
2021-06-21,Jalan Bioteknologi Dua,Tempat Kerja,Johor
2021-06-21,Jalan Pekeliling Industri,Tempat Kerja,Johor
2021-06-21,Perindustrian Sri Plentong,Tempat Kerja,Johor
2021-06-21,Tapak Bina Gunung Satu,Tempat Kerja,Johor
2021-06-21,Industri Batu Besar,Tempat Kerja,Selangor
2021-06-21,Industri Jati Kiri,Tempat Kerja,Selangor
2021-06-21,Industri Jalan Enggang Ampang,Tempat Kerja,Selangor
2021-06-21,Industri Jalan Bebas Tiga,Tempat Kerja,Selangor
2021-06-21,Industri Bukit Tengah,Tempat Kerja,Pulau Pinang
2021-06-21,Taman Rantau Mas,Komuniti,Kelantan
2021-06-22,Industri Kampung Bukit Angkat,Tempat Kerja,Selangor
2021-06-22,Jalan Persiaran Enam,Tempat Kerja,Selangor
2021-06-22,Tapak Bina Laluan Klang,Tempat Kerja,Selangor
2021-06-22,Taman Pusat Kepong,Tempat Kerja,WP Kuala Lumpur
2021-06-22,Jalan Kepong Usaha,Tempat Kerja,WP Kuala Lumpur
2021-06-22,Jalan Tasik Selatan,Tempat Kerja,WP Kuala Lumpur
2021-06-22,Jalan Sri Hartamas,Tempat Kerja,WP Kuala Lumpur
2021-06-22,Industri Jalan Teknologi Lima Nilai,Tempat Kerja,Negeri Sembilan
2021-06-22,Industri Jalan Senawang Empat,Tempat Kerja,Negeri Sembilan
2021-06-22,Jalan Maju Lima,Tempat Kerja,Johor
2021-06-22,Kampung Bukit Tanah,Komuniti,Kelantan
2021-06-22,Kampung Kubang Hakim,Komuniti,Kelantan
2021-06-22,Kampung Pulau Tukang Dollah,Komuniti,Kelantan
2021-06-22,Lunyim,Komuniti,Sarawak
2021-06-22,Sungai Long Seripa,Komuniti,Sarawak
2021-06-22,Dah Perdana Tinggi,Pendidikan,Kedah
2021-06-22,Tembok Ulu Teris,Pusat Tahanan,Selangor
2021-06-22,Jalan Laksamana Cheng Ho,Kumpulan Berisiko Tinggi,Melaka
2021-06-22,Industri SS Lapan Sungai Way,Tempat Kerja,Selangor
2021-06-22,Jalan Permata 22,Tempat Kerja,Selangor
2021-06-22,Jalan Kebun Baru,Tempat Kerja,Selangor
2021-06-23,Nanga Tada,Komuniti,Sarawak
2021-06-23,Jalan Perdagangan Alam Jaya,Tempat Kerja,Selangor
2021-06-23,Tembok Jelebu,Pusat Tahanan,Negeri Sembilan
2021-06-23,Jalan Sepang,Kumpulan Berisiko Tinggi,Selangor
2021-06-23,Jerung Surau,Komuniti,Terengganu
2021-06-23,Kampung Segambut Dalam,Komuniti,WP Kuala Lumpur
2021-06-23,Lorong Tun Mamat Dua,Komuniti,Melaka
2021-06-23,Tanjong Lelengau,Komuniti,Sarawak
2021-06-23,Sungai Kotak,Komuniti,Sarawak
2021-06-23,Jalan Kuala Tatau,Komuniti,Sarawak
2021-06-23,Pasar Kemunting,Tempat Kerja,Pahang
2021-06-23,Jalan Kempas Permatang,Tempat Kerja,Johor
2021-06-23,Jalan Kukuban,Tempat Kerja,WP Kuala Lumpur
2021-06-23,Jalan Mangga Satu,Tempat Kerja,Melaka
2021-06-23,Industri Jalan Usaha Dua,Tempat Kerja,Melaka
2021-06-23,Tingkat Perusahaan 6A,Tempat Kerja,Pulau Pinang
2021-06-23,Industri Jalan Macalister,Tempat Kerja,Pulau Pinang
2021-06-23,Industri Perusahaan Utama,Tempat Kerja,Selangor
2021-06-23,Industri Jalan Kidamai Dua,Tempat Kerja,Selangor
2021-06-23,Jalan Bandar Satu,Tempat Kerja,Selangor
2021-06-23,Jalan Enam Selatan Dua,Tempat Kerja,Selangor
2021-06-23,Tapak Bina Warisan Puteri,Tempat Kerja,Selangor
2021-06-23,Industri Jalan Bacang,Tempat Kerja,Selangor
2021-06-23,Jalan Raja Bot,Tempat Kerja,WP Kuala Lumpur
2021-06-24,Sungai Linau,Tempat Kerja,Selangor
2021-06-24,Tapak Bina Persiaran Aspirasi,Tempat Kerja,Selangor
2021-06-24,Jalan Cox,Kumpulan Berisiko Tinggi,Selangor
2021-06-24,Jalan Langat Utama Satu,Tempat Kerja,Selangor
2021-06-24,Jalan Senai Jaya Satu,Komuniti,Johor
2021-06-24,Taman Kurnia Jaya,Komuniti,Kelantan
2021-06-24,Kampung Kajang Sebidang,Komuniti,Kelantan
2021-06-24,Taman Bukit Angkasa,Komuniti,WP Kuala Lumpur
2021-06-24,Pantai Ria,Komuniti,WP Kuala Lumpur
2021-06-24,Jalan Kubur,Komuniti,WP Kuala Lumpur
2021-06-24,Sentral Triang,Tempat Kerja,Pahang
2021-06-24,Pulai Jaya Sembilan,Tempat Kerja,Perak
2021-06-24,Brumas Camp,Komuniti,Sabah
2021-06-24,Taman Tun Dr Ismail,Tempat Kerja,WP Kuala Lumpur
2021-06-24,Paris Tiga,Tempat Kerja,Sabah
2021-06-24,Dah 3/5 Industri Sungai Petani,Tempat Kerja,Kedah
2021-06-24,Dah Industri Sungai Getah,Tempat Kerja,Kedah
2021-06-24,Jalan Keluli Industri,Tempat Kerja,Johor
2021-06-24,Industri Murni Lapan,Tempat Kerja,Johor
2021-06-24,Jalan Sungai Antu,Tempat Kerja,Sarawak
2021-06-24,Permata Satu 2,Tempat Kerja,Negeri Sembilan
2021-06-24,Perusahaan Pantai,Tempat Kerja,Negeri Sembilan
2021-06-24,Jalan Haruan Tujuh,Tempat Kerja,Negeri Sembilan
2021-06-24,Industri Jalan Udang,Tempat Kerja,Selangor
2021-06-24,Industri Mahkota Beranang,Tempat Kerja,Selangor
2021-06-24,Industri Rawang Perdana Satu,Tempat Kerja,Selangor
2021-06-24,Industri Jalan Seruling 57,Tempat Kerja,Selangor
2021-06-24,Industri Jalan Kilang Bestari,Tempat Kerja,Selangor
2021-06-24,Dah 30 Relong,Komuniti,Kedah
2021-06-24,Sungai Separai,Komuniti,Sarawak
2021-06-25,Kailan Tringkap,Tempat Kerja,Pahang
2021-06-25,Kailan Tringkap,Tempat Kerja,Perak
2021-06-25,Dah 11 Industri Sungai Petani,Tempat Kerja,Kedah
2021-06-25,Jalan Kampung Jawa,Tempat Kerja,Pulau Pinang
2021-06-25,Jalan Raja Muda Musa,Tempat Kerja,WP Kuala Lumpur
2021-06-25,Jalan Kidurong Lima,Tempat Kerja,Sarawak
2021-06-25,Pengkalan Gelugor,Komuniti,Terengganu
2021-06-25,Jalan Laksamana Intan,Komuniti,Perak
2021-06-25,Kilometer 23 Puncak Borneo,Pusat Tahanan,Sarawak
2021-06-25,Jalan Taman Ibu Kota,Tempat Kerja,WP Kuala Lumpur
2021-06-25,Tapak Bina Matahari 2,Tempat Kerja,WP Kuala Lumpur
2021-06-25,Tapak Bina Jalan Utara,Tempat Kerja,WP Kuala Lumpur
2021-06-25,Jalan Ampang Water Front Dua,Tempat Kerja,Selangor
2021-06-25,Jalan Ampang Water Front Dua,Tempat Kerja,WP Kuala Lumpur
2021-06-25,Industri Kilometer 17 Rawang,Tempat Kerja,Selangor
2021-06-25,Jalan Cyberia Dua,Tempat Kerja,Selangor
2021-06-25,Industri Jalan Norton,Tempat Kerja,Selangor
2021-06-25,Industri SS Lapan Dua,Tempat Kerja,Selangor
2021-06-25,Industri Jalan Seruling 59,Tempat Kerja,Selangor
2021-06-25,Tapak Bina Jalan City,Tempat Kerja,Selangor
2021-06-25,Tapak Bina Lebuh 2,Tempat Kerja,Selangor
2021-06-25,Wakaf Aik,Tempat Kerja,Kelantan
2021-06-25,Jalan Nirwana Dua,Tempat Kerja,Melaka
2021-06-26,Tapak Bina Pintasan Segambut,Tempat Kerja,WP Kuala Lumpur
2021-06-26,Industri Tanjung Suria,Tempat Kerja,Selangor
2021-06-26,Tapak Bina Cybersouth Utama,Tempat Kerja,Selangor
2021-06-26,Industri Jalan Enam Salak Tinggi,Tempat Kerja,Selangor
2021-06-26,Changkat Intan,Kumpulan Berisiko Tinggi,Perak
2021-06-26,Permatang Pasir Bachok,Komuniti,Kelantan
2021-06-26,Nyelutong,Komuniti,Sarawak
2021-06-26,Tembok Tawau,Pusat Tahanan,Sabah
2021-06-26,Penjara Jalan Harapan 2,Pusat Tahanan,Selangor
2021-06-26,PLO Jalan Perak,Tempat Kerja,Johor
2021-06-26,Industri Serkam 2,Tempat Kerja,Melaka
2021-06-26,Jalan Usaha Jaya,Tempat Kerja,Pulau Pinang
2021-06-26,Perindustrian Bakri Satu,Tempat Kerja,Johor
2021-06-26,Bandar Rantau Panjang,Tempat Kerja,Kelantan
2021-06-27,Kampung Melor Lama,Komuniti,Kelantan
2021-06-27,Linau Kumpang,Komuniti,Sabah
2021-06-27,Industri Kampung Sungai Bakau,Tempat Kerja,Selangor
2021-06-27,Tapak Bina Jade,Tempat Kerja,Selangor
2021-06-27,Industri Jalan Sungai Tua,Tempat Kerja,Selangor
2021-06-27,Tapak Bina Jalan Kuching,Tempat Kerja,WP Kuala Lumpur
2021-06-27,Tapak Bina Jalan Residen Dua,Tempat Kerja,WP Kuala Lumpur
2021-06-27,Tapak Bina Jalan Kiara Lima,Tempat Kerja,WP Kuala Lumpur
2021-06-27,Jalan Stampin,Kumpulan Berisiko Tinggi,Sarawak
2021-06-27,Tembok Kota Kinabalu,Pusat Tahanan,Sabah
2021-06-27,Jalan 12 Kampar,Komuniti,Perak
2021-06-27,Kampung Gong Depu,Komuniti,Kelantan
2021-06-27,Kuarters Bata Durok,Komuniti,Sabah
2021-06-27,Industri Rawang Bestari,Tempat Kerja,Selangor
2021-06-27,Murni Sepang,Komuniti,Selangor
2021-06-27,Tapak Bina Jalan Belfield,Tempat Kerja,WP Kuala Lumpur
2021-06-27,Pekeliling Tanjung 27,Tempat Kerja,Johor
2021-06-28,Industri Persiaran Bunga Tanjung Satu,Tempat Kerja,Negeri Sembilan
2021-06-28,Industri Waja 2,Tempat Kerja,Selangor
2021-06-28,Industri Jalan Laksamana Satu,Tempat Kerja,Selangor
2021-06-28,Industri Jalan Dolomite Dua,Tempat Kerja,Selangor
2021-06-28,Tapak Bina Lingkaran Eco Majestic,Tempat Kerja,Selangor
2021-06-28,Tapak Bina Jalan Wangsa 2,Tempat Kerja,WP Kuala Lumpur
2021-06-28,Tapak Bina Jalan Kiara Tujuh,Tempat Kerja,WP Kuala Lumpur
2021-06-28,Jalan Tanjung Puteri Satu,Tempat Kerja,Johor
2021-06-28,Tapak Bina Jalan Kasipillay,Tempat Kerja,WP Kuala Lumpur
2021-06-28,Jalan Kebun Bakri,Tempat Kerja,Johor
2021-06-28,Jalan Gunung Lapan,Komuniti,Johor
2021-06-28,Industri Teknologi Cheng 22,Tempat Kerja,Melaka
2021-06-28,Business City,Tempat Kerja,Melaka
2021-06-28,Jalan Semariang,Tempat Kerja,Sarawak
2021-06-28,Dah Sembilan Industri Sungai Petani,Tempat Kerja,Kedah
2021-06-28,Bandar Baru Lubok Jong,Tempat Kerja,Kelantan
2021-06-28,Simpang Koko,Komuniti,Sarawak
2021-06-28,Luteng,Komuniti,Sarawak
2021-06-28,Kubang Jela,Komuniti,Terengganu
2021-06-28,Kampung Telosan,Komuniti,Kelantan
2021-06-28,Dah Sawi,Komuniti,Kedah
2021-06-28,Industri Bunga Tanjung Dua,Tempat Kerja,Negeri Sembilan
2021-06-29,Nanga Belungai,Komuniti,Sarawak
2021-06-29,Industri Balakong Sembilan,Tempat Kerja,Selangor
2021-06-29,Banggol Chicha Ketereh,Komuniti,Kelantan
2021-06-29,Kampung Lada,Komuniti,Pahang
2021-06-29,Jalan Putra Sembilan,Komuniti,WP Putrajaya
2021-06-29,Sungai Ling,Komuniti,Pahang
2021-06-29,Jalan Empat Bandar Baru Bangi,Komuniti,Selangor
2021-06-29,Cahaya Enam,Komuniti,Selangor
2021-06-29,Kenawar 69,Komuniti,Johor
2021-06-29,Jalan Bidara,Komuniti,Johor
2021-06-29,Rimba Raja,Komuniti,Perak
2021-06-29,Taman Desa An Nur,Komuniti,Kelantan
2021-06-29,Kampung Jelutong,Komuniti,Perak
2021-06-29,Muhibbah Menggatal,Komuniti,Sabah
2021-06-29,Tapak Bina Jalan Tun Razak,Tempat Kerja,WP Kuala Lumpur
2021-06-29,Jalan Dataran Segar,Tempat Kerja,Negeri Sembilan
2021-06-29,Industri Lorong Bunga Tanjung Satu,Tempat Kerja,Negeri Sembilan
2021-06-29,Jalan Jaya Temerloh,Tempat Kerja,Pahang
2021-06-29,Tapak Bina Jalan Choo Cheng Kay,Tempat Kerja,WP Kuala Lumpur
2021-06-29,Jalan Pee Kang Hai,Kumpulan Berisiko Tinggi,Johor
2021-06-29,Jalan Alor Setar,Tempat Kerja,WP Kuala Lumpur
2021-06-29,Industri Sungai Chua Satu,Tempat Kerja,Selangor
2021-06-29,Tapak Bina Sunsuria City,Tempat Kerja,Selangor
2021-06-29,Jalan PJS Lapan,Tempat Kerja,Selangor
2021-06-29,Jalan Tanggilan,Pendidikan,WP Putrajaya
2021-06-29,Jalan Tanggilan,Pendidikan,Selangor
2021-06-29,Jalan TJ 2,Tempat Kerja,Negeri Sembilan
2021-06-29,Industri Benus,Tempat Kerja,Pahang
2021-06-30,Industri Jalan Ikan Duyung,Tempat Kerja,Selangor
2021-06-30,Industri Subang Utama Enam,Tempat Kerja,Selangor
2021-06-30,Jalan PPS Satu,Tempat Kerja,Selangor
2021-06-30,Perindustrian Rami Satu,Tempat Kerja,Johor
2021-06-30,Industri Jalan Masjid Batu Sembilan,Tempat Kerja,Selangor
2021-06-30,Perindustrian 33,Tempat Kerja,WP Kuala Lumpur
2021-06-30,Pasar TTDI,Tempat Kerja,WP Kuala Lumpur
2021-06-30,Jalan Penaga Industri,Tempat Kerja,Johor
2021-06-30,Perindustrian Murni Empat,Tempat Kerja,Johor
2021-06-30,Industri Bidor,Tempat Kerja,Perak
2021-06-30,Batu 23 Choh,Tempat Kerja,Johor
2021-06-30,Meranti Indah,Pendidikan,Pahang
2021-06-30,Jalan Emas Putih,Kumpulan Berisiko Tinggi,Selangor
2021-06-30,Blimbing,Komuniti,Sarawak
2021-06-30,Po Ai,Komuniti,Sarawak
2021-06-30,Tema Saan,Komuniti,Sarawak
2021-06-30,Limbawang,Komuniti,Sabah
2021-06-30,Parit Keroma,Komuniti,Johor
2021-06-30,Kampung Nibong Lemal,Komuniti,Kelantan
2021-06-30,Jalan 14/44 Padang Tembak,Komuniti,Kelantan
2021-06-30,Kampung Pangkal Jetas,Komuniti,Kelantan
2021-06-30,Jalan Thean Teik,Tempat Kerja,Pulau Pinang
2021-06-30,Jalan Prima Impian,Tempat Kerja,WP Kuala Lumpur
2021-07-01,Nahaba 2,Komuniti,Sabah
2021-07-01,Jalan Lagenda,Komuniti,Johor
2021-07-01,Dah Batik Industri Sungai Petani,Tempat Kerja,Kedah
2021-07-01,Dah Mawar Biru,Tempat Kerja,Kedah
2021-07-01,Dah Lima Industri Sungai Petani,Tempat Kerja,Kedah
2021-07-01,Industri MIEL Bayan Lepas,Tempat Kerja,Pulau Pinang
2021-07-01,Jalan Perusahaan Maju Sembilan,Tempat Kerja,Pulau Pinang
2021-07-01,Jalan Perusahaan Maju Sembilan,Tempat Kerja,Perak
2021-07-01,Industri Balakong Empat,Tempat Kerja,Selangor
2021-07-01,Industri Perusahaan Selesa Jaya,Tempat Kerja,Selangor
2021-07-01,Jalan Sin Chew Kee,Tempat Kerja,WP Kuala Lumpur
2021-07-01,Kampung Telok Kemang,Tempat Kerja,Johor
2021-07-01,Jalan Industri Enam Jelapang,Tempat Kerja,Perak
2021-07-01,Kampung Tengah Tanah Merah,Komuniti,Kelantan
2021-07-01,Kampung Redang Gunong,Komuniti,Kelantan
2021-07-01,Kampung Bagus,Komuniti,Kelantan
2021-07-01,Kampung Hutan Banggol,Komuniti,Kelantan
2021-07-01,Taman SP Mahang,Komuniti,Kelantan
2021-07-01,Seri Semarak,Komuniti,WP Kuala Lumpur
2021-07-01,Dah Tanjung Setol,Komuniti,Kedah
2021-07-01,Jalan Residensi,Kumpulan Berisiko Tinggi,Pulau Pinang
2021-07-01,Lorong Perusahaan Maju Lapan,Tempat Kerja,Pulau Pinang
2021-07-02,Persiaran Soga,Kumpulan Berisiko Tinggi,Johor
2021-07-02,Perdagangan Harmoni Satu,Tempat Kerja,Selangor
2021-07-02,Jalan Orkid,Kumpulan Berisiko Tinggi,Selangor
2021-07-02,Persiaran MARDI,Kumpulan Berisiko Tinggi,Selangor
2021-07-02,Tanjung Pitas,Komuniti,Sabah
2021-07-02,Kompleks Fasa Dua,Komuniti,Johor
2021-07-02,Kampung Pahi Kuala Krai,Komuniti,Kelantan
2021-07-02,Kampung Sungai Hilir Perupok,Komuniti,Kelantan
2021-07-02,Tingkat Perusahaan 4A,Tempat Kerja,Pulau Pinang
2021-07-02,Sungai Gamong,Komuniti,Sarawak
2021-07-02,Kilometer 85 Mukah,Tempat Kerja,Sarawak
2021-07-02,Tapak Bina Persiaran Institusi,Tempat Kerja,Selangor
2021-07-02,Jalan Besar Teras Jernang,Tempat Kerja,Selangor
2021-07-02,Keluli Industri Tiga,Tempat Kerja,Johor
2021-07-02,Jalan By Pass Batu Anam,Tempat Kerja,Johor
2021-07-02,Damai 16,Tempat Kerja,Johor
2021-07-02,Jalan Masjid India,Tempat Kerja,WP Kuala Lumpur
2021-07-03,Lingkaran Syed Putra,Tempat Kerja,WP Kuala Lumpur
2021-07-03,Industri Seri Kembangan,Tempat Kerja,Selangor
2021-07-03,Jalan Haji Taha,Tempat Kerja,Sarawak
2021-07-03,Industri Sungai Sembrong,Tempat Kerja,Johor
2021-07-03,Industri Taming Jaya,Tempat Kerja,Selangor
2021-07-03,Jalan Sri Raya,Tempat Kerja,Melaka
2021-07-03,Industri Jalan Tech Valley Satu,Tempat Kerja,Negeri Sembilan
2021-07-03,Jalan Harmonium Tebrau,Tempat Kerja,Johor
2021-07-03,Jalan Songsang,Tempat Kerja,Pahang
2021-07-03,Industri Jalan Murni 12,Tempat Kerja,Johor
2021-07-03,Pagar Tebedu,Pusat Tahanan,Sarawak
2021-07-03,Zone B Selatan,Tempat Kerja,Selangor
2021-07-03,Industri Jalan Sultan,Tempat Kerja,Selangor
2021-07-03,Perindustrian Bakri Tiga,Tempat Kerja,Johor
2021-07-03,Nusa Perintis Enam,Tempat Kerja,Johor
2021-07-03,Lorong Perusahaan Empat,Tempat Kerja,Pulau Pinang
2021-07-03,Jalan Nagasari Satu,Tempat Kerja,Pulau Pinang
2021-07-03,Dah Mata Ayer,Komuniti,Kedah
2021-07-03,Kampung Jaya Setia Badang,Komuniti,Kelantan
2021-07-04,Industri Jalan Bangi Lama,Tempat Kerja,Selangor
2021-07-04,Industri Bypass Gebeng,Tempat Kerja,Pahang
2021-07-04,Kilometer 22 Jalan Gambang,Tempat Kerja,Pahang
2021-07-04,Jalan Perindustrian Agas 11,Tempat Kerja,Johor
2021-07-04,Persiaran Kempas Jernih,Kumpulan Berisiko Tinggi,Johor
2021-07-04,Industri Parit Jamil,Tempat Kerja,Johor
2021-07-04,Jalan Wira Lapan,Tempat Kerja,Johor
2021-07-04,Pengkalan Batu,Tempat Kerja,Kelantan
2021-07-04,Industri Parit Hulu,Tempat Kerja,Johor
2021-07-04,Gong Pasir,Komuniti,Terengganu
2021-07-04,Lorong Sungai Tiram,Tempat Kerja,Pulau Pinang
2021-07-04,35 Bintulu,Tempat Kerja,Sarawak
2021-07-04,Sungai Pelepak,Komuniti,Sarawak
2021-07-04,Sungai Entajum,Komuniti,Sarawak
2021-07-04,Kampung Jeram Perdah,Komuniti,Kelantan
2021-07-04,Bahtera Barat,Tempat Kerja,Sabah
2021-07-04,Lorong Empat Sekinchan,Komuniti,Selangor
2021-07-05,Industri Tech Valley Sendayan,Tempat Kerja,Negeri Sembilan
2021-07-05,Industri TTJ 2,Tempat Kerja,Negeri Sembilan
2021-07-05,Jalan Harmoni Sembilan,Tempat Kerja,Johor
2021-07-05,Jalan Sri Sulong,Tempat Kerja,Johor
2021-07-05,Lorong Berjaya,Tempat Kerja,Sabah
2021-07-05,Industri Jerantut Feri,Tempat Kerja,Pahang
2021-07-05,Industri 121 Kuala Baram,Tempat Kerja,Sarawak
2021-07-05,Dah Satu Industri Kulim,Tempat Kerja,Kedah
2021-07-05,Lintang Macallum Dua,Tempat Kerja,Pulau Pinang
2021-07-05,Kampung Bakong Gunong,Komuniti,Kelantan
2021-07-05,Kampung Bechah Tembesu,Komuniti,Kelantan
2021-07-05,Industri Bentong Sebelas 2,Tempat Kerja,Pahang
2021-07-05,Jalan Kayu Madang,Tempat Kerja,Sabah
2021-07-06,Jalan KK 6/2 Kubang Kerian,Tempat Kerja,Kelantan
2021-07-06,Agora Borneo,Tempat Kerja,Sabah
2021-07-06,Jalan Cempaka Ampang,Tempat Kerja,Selangor
2021-07-06,Jalan Baldwin Tiga,Tempat Kerja,Perak
2021-07-06,Batu Tiga Bakri,Tempat Kerja,Johor
2021-07-06,Jalan Sagang,Komuniti,Sarawak
2021-07-06,Jalan Perusahaan Prai,Tempat Kerja,Pulau Pinang
2021-07-06,Industri Perai Lima,Tempat Kerja,Pulau Pinang
2021-07-06,Industri Perai Lima,Tempat Kerja,Perak
2021-07-06,Industri Perai Lima,Tempat Kerja,Kedah
2021-07-06,Industri Lorong Senawang Empat,Tempat Kerja,Negeri Sembilan
2021-07-06,Pasar Razak Mansion,Tempat Kerja,WP Kuala Lumpur
2021-07-06,Bukit Kiara,Tempat Kerja,WP Kuala Lumpur
2021-07-06,Tapak Bina Damanlela 2,Tempat Kerja,WP Kuala Lumpur
2021-07-06,Panjang Sari,Komuniti,Johor
2021-07-06,Sungai Sengkabang,Komuniti,Sarawak
2021-07-06,Pondok Tanjung,Komuniti,Perak
2021-07-06,Kampung Gong Kulim Tengah,Komuniti,Kelantan
2021-07-06,Kampung Gong Kulim Tengah,Komuniti,Terengganu
2021-07-06,Kampung Kerpal,Komuniti,Pahang
2021-07-06,Kampung Perwira,Komuniti,Kelantan
2021-07-06,Pagar Langat,Pusat Tahanan,Selangor
2021-07-06,Parit Sebelas,Komuniti,Selangor
2021-07-06,Jalan Kolam Ikan Kluang,Komuniti,Johor
2021-07-07,Lorong Tiga Kampung Siol Kandis,Komuniti,Sarawak
2021-07-07,Sungai Bedil Besar,Komuniti,Sarawak
2021-07-07,Pintasan Kota Belud,Komuniti,Sabah
2021-07-07,Siasai Dundau,Komuniti,Sabah
2021-07-07,Jalan Bukit 17,Komuniti,Johor
2021-07-07,Jalan Pulasan 18,Komuniti,Johor
2021-07-07,Jalan Parit Mahang,Kumpulan Berisiko Tinggi,Selangor
2021-07-07,Jalan Limau Kampung Pasir,Kumpulan Berisiko Tinggi,Johor
2021-07-07,Sejantung,Pendidikan,Selangor
2021-07-07,Pasar Orkid Sentosa,Tempat Kerja,Selangor
2021-07-07,Jalan Metro Perdana,Tempat Kerja,WP Kuala Lumpur
2021-07-07,Jalan Metro Perdana,Tempat Kerja,Selangor
2021-07-07,Jalan Tun Razak Peringgit,Tempat Kerja,Melaka
2021-07-07,Industri Jalan TMP Lapan,Tempat Kerja,Melaka
2021-07-07,Industri Lengkok Emas Nilai,Tempat Kerja,Negeri Sembilan
2021-07-07,Tasik Utama 2,Tempat Kerja,Negeri Sembilan
2021-07-07,Jalan Nik Yusuf,Komuniti,Kelantan
2021-07-07,Jalan Panchang,Komuniti,Selangor
2021-07-07,Taman Dovenby,Komuniti,Perak
2021-07-07,Taman Dovenby,Komuniti,Selangor
2021-07-08,Jalan Jenderam Hulu,Pendidikan,Selangor
2021-07-08,Jalan Ria,Kumpulan Berisiko Tinggi,Johor
2021-07-08,Kampung Istimewa 2,Komuniti,Sabah
2021-07-08,Taman Tasek Solok Dua,Komuniti,Perak
2021-07-08,Jalan Radin Dua,Tempat Kerja,WP Kuala Lumpur
2021-07-08,Jalan Medan Putra,Tempat Kerja,WP Kuala Lumpur
2021-07-08,Taman Perusahaan Kepong,Tempat Kerja,WP Kuala Lumpur
2021-07-08,Tapak Bina Jalan Sri Permaisuri,Tempat Kerja,WP Kuala Lumpur
2021-07-08,Industri Jaya Sungai Buloh,Tempat Kerja,Selangor
2021-07-08,Putra Dua,Tempat Kerja,WP Putrajaya
2021-07-08,Putra Dua,Tempat Kerja,WP Kuala Lumpur
2021-07-08,Putra Dua,Tempat Kerja,Selangor
2021-07-08,Industri Sungai Lalang,Tempat Kerja,Selangor
2021-07-08,Tapak Bina Jenderam Hilir,Tempat Kerja,Selangor
2021-07-08,Industri Bunga Tanjung,Tempat Kerja,Negeri Sembilan
2021-07-08,Industri Sendayan Metropark,Tempat Kerja,Negeri Sembilan
2021-07-08,Industri Emas Satu,Tempat Kerja,Negeri Sembilan
2021-07-08,Jalan Daiman,Tempat Kerja,Johor
2021-07-08,Jalan Harmonium 33,Tempat Kerja,Johor
2021-07-08,Industri Bakri Empat,Tempat Kerja,Johor
2021-07-08,Jalan Tanah Putih,Tempat Kerja,Pahang
2021-07-08,Jalan Gebeng 1/11,Tempat Kerja,Pahang
2021-07-08,Industri Jalan Stapunal,Tempat Kerja,Kelantan
2021-07-08,Lebuh Pantai Baru,Tempat Kerja,Perak
2021-07-08,Dah 90 Industri Sungai Petani,Tempat Kerja,Kedah
2021-07-08,Taman Tanjung Mas,Komuniti,Kelantan
2021-07-08,Kampung Batu 8 1/4,Komuniti,Kelantan
2021-07-08,Lumadan,Komuniti,Sabah
2021-07-08,Bandar Baru Sentul 2,Komuniti,WP Kuala Lumpur
2021-07-08,Sega,Komuniti,Sarawak
2021-07-08,Titian 2,Komuniti,WP Labuan
2021-07-09,Jalan Desa Putera,Pendidikan,Selangor
2021-07-09,Sungai Jelai Kuala Lipis,Kumpulan Berisiko Tinggi,Pahang
2021-07-09,Zone T Selatan,Tempat Kerja,Selangor
2021-07-09,Tembok Miri,Pusat Tahanan,Sarawak
2021-07-09,Batu Lapan Bakri,Tempat Kerja,Johor
2021-07-09,Jalan Bukit Bakri,Tempat Kerja,Johor
2021-07-09,Jalan Haji Jaib,Tempat Kerja,Johor
2021-07-09,Jalan Duku Kiri,Tempat Kerja,Johor
2021-07-09,Jalan Sri Plentong Tiga,Tempat Kerja,Johor
2021-07-09,Persiaran Agas,Tempat Kerja,Johor
2021-07-09,Industri Jalan Kusta,Tempat Kerja,Selangor
2021-07-09,Industri Jalan Telok Gong,Tempat Kerja,Selangor
2021-07-09,Industri Nakhoda,Tempat Kerja,Selangor
2021-07-09,Industri Jalan Satu Selesa Jaya,Tempat Kerja,Selangor
2021-07-09,Industri Jalan Gombak Batu 11,Tempat Kerja,Selangor
2021-07-09,Pagar Taman IKS,Pusat Tahanan,Selangor
2021-07-09,Jalan Ipoh Kecil,Tempat Kerja,WP Kuala Lumpur
2021-07-09,Tapak Bina Jalan Khoo Teik Ee,Tempat Kerja,WP Kuala Lumpur
2021-07-09,Taman Merdeka Permai,Tempat Kerja,Melaka
2021-07-09,Taman Cempaka,Tempat Kerja,Melaka
2021-07-09,Jalan Saw Ah Choy,Tempat Kerja,Perak
2021-07-09,Jalan Seramik Chepor 11/1,Tempat Kerja,Perak
2021-07-09,Tapak Bina Bidara,Tempat Kerja,Negeri Sembilan
2021-07-09,Jalan Pasar Basah Mukah,Tempat Kerja,Sarawak
2021-07-09,Taman Bismi Rahmat,Komuniti,Kelantan
2021-07-09,Kampung Bunut Satut,Komuniti,Kelantan
2021-07-09,Kampung Gelugor,Komuniti,Kelantan
2021-07-09,Sawit Segama,Komuniti,Sabah
2021-07-09,Benteng Sri Aman,Pusat Tahanan,Sarawak
2021-07-09,Jalan Matang,Tempat Kerja,WP Kuala Lumpur
2021-07-10,Semuja,Pusat Tahanan,Sarawak
2021-07-10,Pagar Serian,Pusat Tahanan,Sarawak
2021-07-10,Sri Rakyat,Komuniti,WP Kuala Lumpur
2021-07-10,Taman Jaya,Kumpulan Berisiko Tinggi,WP Kuala Lumpur
2021-07-10,Tapak Bina Selabu,Tempat Kerja,Johor
2021-07-10,Susur Enam Larkin,Tempat Kerja,Johor
2021-07-10,Jalan Lombong Dua,Tempat Kerja,Johor
2021-07-10,Jalan Pendas Laut,Tempat Kerja,Johor
2021-07-10,PLO Jalan Emas,Tempat Kerja,Johor
2021-07-10,Jalan Membalua,Tempat Kerja,Sabah
2021-07-10,KKIP Empat Timur,Tempat Kerja,Sabah
2021-07-10,Balak Penangah,Tempat Kerja,Sabah
2021-07-10,Jalan Dua Salak Tinggi,Tempat Kerja,Selangor
2021-07-10,Industri Perigi Lapan,Tempat Kerja,Selangor
2021-07-10,Tapak Bina Jalan Tanjung Puteri,Tempat Kerja,Johor
2021-07-10,Industri Jalan Perajurit Satu,Tempat Kerja,Selangor
2021-07-10,Industri Taman Ehsan,Tempat Kerja,Selangor
2021-07-10,Jalan Solaris,Tempat Kerja,WP Kuala Lumpur
2021-07-10,Tapak Bina Jalil Utama 2,Tempat Kerja,WP Kuala Lumpur
2021-07-10,Industri Lot Q,Tempat Kerja,Terengganu
2021-07-10,Tapak Bina Jalan Tengku Abdul Samad,Tempat Kerja,Pahang
2021-07-10,Jalan Gebeng 2/3,Tempat Kerja,Pahang
2021-07-10,Sri Bunian,Komuniti,Johor
2021-07-10,Rebana Jernih,Komuniti,Melaka
2021-07-10,Sungai Setajam,Komuniti,Sarawak
2021-07-10,Taman Grandview,Komuniti,Sabah
2021-07-10,Industri Jalan Perajurit Dua,Tempat Kerja,Selangor
2021-07-10,Tembok Sri Aman 2,Pusat Tahanan,Sarawak
2021-07-10,Jalan Sri Siantan,Kumpulan Berisiko Tinggi,Selangor
2021-07-11,Cahaya Yong Peng,Tempat Kerja,Johor
2021-07-11,Jalan Pantai Baharu,Tempat Kerja,WP Kuala Lumpur
2021-07-11,Kayu Patikang,Tempat Kerja,Sabah
2021-07-11,Jalan Dedap 13,Tempat Kerja,Johor
2021-07-11,Kampung Perangkap,Tempat Kerja,Kelantan
2021-07-11,Bandar Baru Tunjong,Tempat Kerja,Kelantan
2021-07-11,Jalan Industri Dua Rawang,Tempat Kerja,Selangor
2021-07-11,Industri Jalan Subang 13,Tempat Kerja,Selangor
2021-07-11,Jalan Cengal,Tempat Kerja,Johor
2021-07-11,Tapak Bina Jalan Thean Teik,Tempat Kerja,Pulau Pinang
2021-07-11,Industri Jalan Rukun,Tempat Kerja,Selangor
2021-07-11,Batu Muda,Komuniti,WP Kuala Lumpur
2021-07-11,Kampung Padang Balang,Komuniti,WP Kuala Lumpur
2021-07-11,Taman Koperasi Polis,Komuniti,WP Kuala Lumpur
2021-07-11,Melor Intan,Komuniti,Perak
2021-07-11,Jalan Mawar Belitong,Komuniti,Johor
2021-07-11,Jalan Awan Cempaka,Kumpulan Berisiko Tinggi,WP Kuala Lumpur
2021-07-11,Jalan Sri Hartamas Satu,Tempat Kerja,WP Kuala Lumpur
2021-07-11,Tapak Bina Solar Beriah,Tempat Kerja,Perak
2021-07-12,Rantau Kesidang,Komuniti,Pahang
2021-07-12,Kampung Pulau Kundur,Komuniti,Kelantan
2021-07-12,Jalan Dusun Langgar,Komuniti,Kelantan
2021-07-12,Ketior Dalam,Komuniti,Perak
2021-07-12,Tok Molor,Komuniti,Terengganu
2021-07-12,Seksyen 14 Jalan Bayam,Kumpulan Berisiko Tinggi,Kelantan
2021-07-12,Taman Utama Satu,Kumpulan Berisiko Tinggi,Johor
2021-07-12,Bayam Tiga,Kumpulan Berisiko Tinggi,Selangor
2021-07-12,Putrajaya 15,Tempat Kerja,WP Putrajaya
2021-07-12,Lorong Sentosa Satu,Tempat Kerja,Negeri Sembilan
2021-07-12,Tapak Bina Jalan Cendana,Tempat Kerja,WP Kuala Lumpur
2021-07-12,Industri Jalan Utas,Tempat Kerja,Selangor
2021-07-12,Resort Sepang,Tempat Kerja,Selangor
2021-07-12,Kampung Kendaie,Komuniti,Sarawak
2021-07-12,Tanjung Gelam,Komuniti,Terengganu
2021-07-12,Lorong Kubur Maras,Komuniti,Kelantan
2021-07-13,Jalan Biru,Komuniti,Johor
2021-07-13,Kampung Baru Air Panas,Komuniti,WP Kuala Lumpur
2021-07-13,Jalan Pendekar 18,Tempat Kerja,Johor
2021-07-13,Jalan Indah 15,Tempat Kerja,Johor
2021-07-13,Jalan Molek Tiga,Tempat Kerja,Johor
2021-07-13,Jalan Bukit Mor,Tempat Kerja,Johor
2021-07-13,Industri Teknologi Empat,Tempat Kerja,Johor
2021-07-13,Industri Perkampungan Perabut,Tempat Kerja,Selangor
2021-07-13,Tapak Bina Laluan Kuala Selangor,Tempat Kerja,Selangor
2021-07-13,Industri Jalan Usaha Lima,Tempat Kerja,Melaka
2021-07-13,Industri Bukit Minyak 11,Tempat Kerja,Pulau Pinang
2021-07-13,C2 Kubang Kerian,Tempat Kerja,Kelantan
2021-07-13,Jalan Taiping Kuala Sepetang,Tempat Kerja,Perak
2021-07-13,Gajah Mati Bukit Besi,Tempat Kerja,Terengganu
2021-07-13,Kampung Sungai Buloh,Komuniti,Negeri Sembilan
2021-07-13,Taman Waja,Komuniti,Negeri Sembilan
2021-07-13,Kemahang Dua,Komuniti,Kelantan
2021-07-13,Kampung Muring,Komuniti,Kelantan
2021-07-13,Kampung Muring,Komuniti,Selangor
2021-07-13,Jalan Mawar Ulu Tebrau,Komuniti,Johor
2021-07-13,Dah Kampung Batu,Komuniti,Kedah
2021-07-13,Kuala Permai,Komuniti,Melaka
2021-07-13,Pulau Serai,Komuniti,Terengganu
2021-07-13,Jalan Selayang Utama,Tempat Kerja,Selangor
2021-07-14,Jalan Kelaboran,Kumpulan Berisiko Tinggi,Kelantan
2021-07-14,Lorong Aik Hwa,Tempat Kerja,Johor
2021-07-14,Tapak Bina Metropolis 2,Tempat Kerja,WP Kuala Lumpur
2021-07-14,Jalan Sinar Sentul,Tempat Kerja,WP Kuala Lumpur
2021-07-14,Jalan Ampang Sejahtera,Tempat Kerja,WP Kuala Lumpur
2021-07-14,Lorong Ara,Tempat Kerja,WP Kuala Lumpur
2021-07-14,Industri Alam Jaya 2/3,Tempat Kerja,Selangor
2021-07-14,Jalan Medan Seksyen Sembilan,Tempat Kerja,Selangor
2021-07-14,Industri Jalan Mas Tujuh,Tempat Kerja,Selangor
2021-07-14,Dah Ketil Industri Baling,Tempat Kerja,Kedah
2021-07-14,Dah Saga Industri Sungai Petani,Tempat Kerja,Kedah
2021-07-14,Jalan Lebuh Ayer Keroh,Tempat Kerja,Melaka
2021-07-14,Jalan Dian 19,Tempat Kerja,Johor
2021-07-14,Jalan Jasin Bestari,Tempat Kerja,Melaka
2021-07-14,Jalan 11 Medan,Komuniti,Selangor
2021-07-14,Desa Kemandol,Komuniti,Selangor
2021-07-14,Murni Perdana,Komuniti,Terengganu
2021-07-14,Bukit Tok Bat,Komuniti,Terengganu
2021-07-14,Bukit Tok Bat,Komuniti,Pahang
2021-07-14,Jalan D’Aranjo,Komuniti,Melaka
2021-07-14,Kampung Melamam,Komuniti,Sabah
2021-07-14,Duyoh,Komuniti,Sarawak
2021-07-14,Jalan Pahat 15,Kumpulan Berisiko Tinggi,Selangor
2021-07-14,Sentosa 2,Kumpulan Berisiko Tinggi,Sarawak
2021-07-14,Dah Melor,Kumpulan Berisiko Tinggi,Kedah
2021-07-14,Jalan Teo Kui Ngo,Tempat Kerja,Sarawak
2021-07-14,Persiaran Teknologi 11,Tempat Kerja,Johor
2021-07-15,Industri Teknologi Cheng Satu,Tempat Kerja,Melaka
2021-07-15,Jalan Gombak 3,Pendidikan,Selangor
2021-07-15,Jalan Anggerik Muar,Tempat Kerja,Johor
2021-07-15,Industri Jalan Perusahaan Lima,Tempat Kerja,Selangor
2021-07-15,Industri Jalan Besi Satu,Tempat Kerja,Johor
2021-07-15,Salak Land,Tempat Kerja,Sarawak
2021-07-15,Persiaran Tun Perak,Tempat Kerja,Selangor
2021-07-15,Industri Batu 34 Dengkil – Banting,Tempat Kerja,Selangor
2021-07-15,Jalan Angkasa Mas Dua,Tempat Kerja,Johor
2021-07-15,Persiaran Anggun,Tempat Kerja,Selangor
2021-07-15,Jalan Seri Utara,Tempat Kerja,WP Kuala Lumpur
2021-07-15,Lingkaran Wawasan,Pendidikan,WP Kuala Lumpur
2021-07-15,Bintang Meranti,Tempat Kerja,WP Kuala Lumpur
2021-07-15,Lebuh Tanjung Satu,Tempat Kerja,Johor
2021-07-15,Satu Timur,Tempat Kerja,Selangor
2021-07-15,Jalan Pinang,Tempat Kerja,WP Kuala Lumpur
2021-07-15,Pagar Tropika Satu,Pusat Tahanan,Johor
2021-07-15,Industri Dewani Satu,Tempat Kerja,Johor
2021-07-15,Tembok Pengkalan Chepa 2,Pusat Tahanan,Kelantan
2021-07-15,Langkap,Komuniti,Negeri Sembilan
2021-07-15,Tembok Ayer Keroh,Pusat Tahanan,Melaka
2021-07-15,Taman Pelangi Kluang,Komuniti,Johor
2021-07-15,Kota Klias,Komuniti,Sabah
2021-07-15,Desa Temuan,Komuniti,Selangor
2021-07-15,Sri Sabah,Komuniti,WP Kuala Lumpur
2021-07-15,Jalan Kampung Permatang Pasir,Komuniti,Kelantan
2021-07-16,Pekan Ranau,Kumpulan Berisiko Tinggi,Sabah
2021-07-16,Putra Bertam,Pendidikan,Pulau Pinang
2021-07-16,Jalan Cengal Selatan,Pendidikan,WP Kuala Lumpur
2021-07-16,Jalan Pulai Indah 27,Pendidikan,Johor
2021-07-16,Mahkota Batu 19,Kumpulan Berisiko Tinggi,Johor
2021-07-16,Batu Tujuh Jalan Kebun,Kumpulan Berisiko Tinggi,Selangor
2021-07-16,Kampung Alor Hijau,Komuniti,Kelantan
2021-07-16,Tembok Choh 3,Pusat Tahanan,Johor
2021-07-16,Tembok Tawakal Kluang,Pusat Tahanan,Johor
2021-07-16,Bukit Tinggi,Komuniti,Sarawak
2021-07-16,Lempaong,Komuniti,Sarawak
2021-07-16,Tok Jiring,Komuniti,Terengganu
2021-07-16,Jalan Bangsar,Komuniti,WP Kuala Lumpur
2021-07-16,Persiaran SIBC Satu,Tempat Kerja,Perak
2021-07-16,Jalan Lok Heng,Tempat Kerja,Johor
2021-07-16,Seksyen 11 Jalan Maju,Tempat Kerja,Kelantan
2021-07-16,Jalan Chengal Temerloh,Tempat Kerja,Pahang
2021-07-16,Jalan Gunung 32,Tempat Kerja,Johor
2021-07-16,Setapa,Tempat Kerja,Johor
2021-07-16,Industri Jalan Rukun Dua,Tempat Kerja,Selangor
2021-07-16,Wakaf Che Yeh,Tempat Kerja,Kelantan
2021-07-16,Kampung Lubuk Pusing,Komuniti,Perak
2021-07-16,Lorong IKS Juru Tiga,Tempat Kerja,Pulau Pinang
2021-07-16,Jalan Setiawangsa 11,Tempat Kerja,WP Kuala Lumpur
2021-07-16,Jalan Mahkota Kuantan,Tempat Kerja,Pahang
2021-07-16,Lorong Gemia,Tempat Kerja,Terengganu
2021-07-16,Industri Lot Satu,Tempat Kerja,Melaka
2021-07-16,Lorong Baiduri Satu,Tempat Kerja,Pahang
2021-07-16,Industri Alam Jaya Tiga,Tempat Kerja,Selangor
2021-07-16,Jalan Mayang Pasir,Tempat Kerja,Pulau Pinang
2021-07-16,Tapak Bina Jalan Lagong,Tempat Kerja,Selangor
2021-07-16,Satu Lagenda,Tempat Kerja,Melaka
2021-07-16,Kampung Kukup,Komuniti,Johor
2021-07-16,Terusan Utama,Komuniti,Selangor
2021-07-16,Bakti 2,Pusat Tahanan,Negeri Sembilan
2021-07-16,Kolam Air 2,Pusat Tahanan,Kedah
2021-07-16,Persiaran Cassia Selatan Satu,Tempat Kerja,Pulau Pinang
2021-07-17,Paya Datuk,Kumpulan Berisiko Tinggi,Melaka
2021-07-17,Jalan Seri Tawar,Pendidikan,Pulau Pinang
2021-07-17,Bedup Longgo,Komuniti,Sarawak
2021-07-17,Lorong Perusahaan 8B,Tempat Kerja,Pulau Pinang
2021-07-17,Lorong Perusahaan Baru Tiga,Tempat Kerja,Pulau Pinang
2021-07-17,Saujana Putra Satu,Tempat Kerja,Selangor
2021-07-17,Industri Alam Perdana,Tempat Kerja,Selangor
2021-07-17,Industri Saujana Teratai,Tempat Kerja,Selangor
2021-07-17,Jambatan Liawan,Komuniti,Sabah
2021-07-17,Tapak Bina Jalan Batu View,Tempat Kerja,WP Kuala Lumpur
2021-07-17,Jalan Limau Purut,Tempat Kerja,WP Kuala Lumpur
2021-07-17,Lorong Jelawat,Tempat Kerja,Pulau Pinang
2021-07-17,Tapak Bina Jalan Awan Besar,Tempat Kerja,WP Kuala Lumpur
2021-07-17,Industri Lot 11 Tangga Batu,Tempat Kerja,Melaka
2021-07-17,Industri Lot Lima Batu Berendam,Tempat Kerja,Melaka
2021-07-17,Industri Jalan TJ Utara,Tempat Kerja,Negeri Sembilan
2021-07-17,Industri Chembong,Tempat Kerja,Negeri Sembilan
2021-07-17,Kampung Tanjung Tok Sadang,Komuniti,Kelantan
2021-07-17,Kampung Bujuk,Komuniti,Kelantan
2021-07-17,Kampung Kepas,Komuniti,Kelantan
2021-07-17,Rantau Melor,Komuniti,Pahang
2021-07-17,Industri Jalan Usaha 13,Tempat Kerja,Melaka
2021-07-17,Perindustrian PLO 34,Tempat Kerja,Johor
2021-07-17,Lorong Perusahaan 10,Tempat Kerja,Pulau Pinang
2021-07-17,Lorong Chinniah,Kumpulan Berisiko Tinggi,Selangor
2021-07-17,Jalan Penaga 18,Tempat Kerja,Johor
2021-07-17,Jalan Langsat Choh,Tempat Kerja,Johor
2021-07-17,Jalan Keluli Empat,Tempat Kerja,Johor
2021-07-18,Industri Desa Aman,Tempat Kerja,Selangor
2021-07-18,Industri Jalan Klinik,Tempat Kerja,Selangor
2021-07-18,Persiaran Pekeliling Bangi,Tempat Kerja,Selangor
2021-07-18,Agathis,Tempat Kerja,Sabah
2021-07-18,Sri Sandau,Tempat Kerja,Sabah
2021-07-18,Jalan Segambut Duta,Tempat Kerja,WP Kuala Lumpur
2021-07-18,Industri Jalan Usaha 12,Tempat Kerja,Melaka
2021-07-18,Dah Padang Temusu,Tempat Kerja,Kedah
2021-07-18,Batu Enam Pandan,Tempat Kerja,Johor
2021-07-18,Jalan Bacang 30,Komuniti,Johor
2021-07-18,Jalan Tasek Seri Alam,Komuniti,Johor
2021-07-18,Jalan Denai Utama,Komuniti,Johor
2021-07-18,Dah Kampung Kerchut,Komuniti,Kedah
2021-07-18,Pos Iskandar,Komuniti,Pahang
2021-07-18,Tembok Tawau Dua,Pusat Tahanan,Sabah
2021-07-18,Batu Tiga Utara,Kumpulan Berisiko Tinggi,Sabah
2021-07-18,Lorong MIEL Lundang,Tempat Kerja,Kelantan
2021-07-19,Troitsky,Import,Johor
2021-07-19,Tembok Kemus 2,Pusat Tahanan,Melaka
2021-07-19,DTI Machap Umboo 2,Pusat Tahanan,Melaka
2021-07-19,Jalan Midah 8A,Kumpulan Berisiko Tinggi,WP Kuala Lumpur
2021-07-19,Bukit Tebuk,Komuniti,Terengganu
2021-07-19,Parit Beting,Komuniti,Johor
2021-07-19,Jalan Desa Mutiara Lapan,Komuniti,Johor
2021-07-19,Gudang Desa Corina,Tempat Kerja,Pahang
2021-07-19,Industri Persiaran Sultan,Tempat Kerja,Selangor
2021-07-19,Pauh,Tempat Kerja,Sabah
2021-07-19,Jalan Kilang Satu Jelapang,Tempat Kerja,Perak
2021-07-19,Dah 3/6 Industri Sungai Petani,Tempat Kerja,Kedah
2021-07-19,Teknologi Lot Enam 2,Tempat Kerja,Melaka
2021-07-19,Tapak Bina Jalan Kamuning,Tempat Kerja,WP Kuala Lumpur
2021-07-19,Jalan Jambu,Tempat Kerja,WP Kuala Lumpur
2021-07-19,Tapak Bina Jalan Binjai,Tempat Kerja,WP Kuala Lumpur
2021-07-19,Jalan Usahawan Lima,Tempat Kerja,Pulau Pinang
2021-07-19,Jalan Bayan Lepas,Tempat Kerja,Pulau Pinang
2021-07-19,Lebuh Tenggiri,Tempat Kerja,Pulau Pinang
2021-07-19,Industri Valdor,Tempat Kerja,Pulau Pinang
2021-07-19,Kampung Parit Tiram,Tempat Kerja,Johor
2021-07-19,Jalan Rami Dua,Tempat Kerja,Johor
2021-07-19,Industri Jalan Seelong,Tempat Kerja,Johor
2021-07-19,Industri Jalan Firma Kluang,Tempat Kerja,Johor
2021-07-19,Kampung Dewan Besar,Komuniti,Kelantan
2021-07-19,Jalan Rekang Tangok,Kumpulan Berisiko Tinggi,Kelantan
2021-07-19,Sungai Long,Komuniti,Kelantan
2021-07-19,Angsana,Komuniti,Sabah
2021-07-19,Jalan Selalang,Komuniti,Sarawak
2021-07-19,Jalan Pak Ngah Aziz,Komuniti,Pahang
2021-07-19,Industri Elektronik Bemban,Tempat Kerja,Melaka
2021-07-20,Kampung Sungai Seputeh,Komuniti,Perak
2021-07-20,DTI Bidor,Pusat Tahanan,Perak
2021-07-20,Industri Jalan Haji Sirat,Tempat Kerja,Selangor
2021-07-20,Industri Persiaran Subang,Tempat Kerja,Selangor
2021-07-20,Alam Jaya Lima,Tempat Kerja,Selangor
2021-07-20,Industri Kenanga Satu,Tempat Kerja,Selangor
2021-07-20,Simpang Jeram,Tempat Kerja,Johor
2021-07-20,Jalan Sri Pelangi,Tempat Kerja,Johor
2021-07-20,Jalan Istimewa Dua,Tempat Kerja,Johor
2021-07-20,Tapak Bina Jalan Kia Peng,Tempat Kerja,WP Kuala Lumpur
2021-07-20,Paya Luas,Kumpulan Berisiko Tinggi,Pahang
2021-07-20,Jalan Stadium,Tempat Kerja,Kelantan
2021-07-20,Industri Teknologi Cheng 30,Tempat Kerja,Melaka
2021-07-20,Jalan Waterfront,Tempat Kerja,Negeri Sembilan
2021-07-20,Pasar Besar Dungun,Tempat Kerja,Terengganu
2021-07-20,Kampung Pukak,Komuniti,Sabah
2021-07-20,Jalan Bukit Chagar,Kumpulan Berisiko Tinggi,Johor
2021-07-20,Jalan Berhala Merah,Tempat Kerja,WP Kuala Lumpur
